tick,alive,gamma,H,gamma_plus_H,sp0,sp1,sp2,sp3,sp4,total_fitness
0,100,0.8300,2.2964,3.1264,17,27,20,16,20,75.51
1,100,0.8500,2.3001,3.1501,17,26,21,16,20,77.72
2,100,0.7900,2.2922,3.0822,16,26,22,15,21,80.05
3,100,0.7700,2.2875,3.0575,15,26,22,15,22,81.93
4,100,0.7700,2.2866,3.0566,14,26,22,16,22,83.63
5,100,0.7900,2.3064,3.0964,16,22,22,17,23,85.05
6,100,0.8200,2.3074,3.1274,16,20,22,18,24,84.85
7,100,0.8200,2.3074,3.1274,16,20,22,18,24,85.30
8,100,0.8400,2.3161,3.1561,18,20,22,18,22,85.30
9,100,0.8600,2.3183,3.1783,18,20,21,19,22,84.95
10,100,0.8800,2.3168,3.1968,17,20,21,20,22,84.25
11,100,0.9000,2.3197,3.2197,18,20,21,20,21,84.00
12,100,0.9200,2.3197,3.2397,18,20,21,20,21,84.05
13,100,0.8700,2.3147,3.1847,17,20,21,19,23,84.05
14,100,0.9200,2.3147,3.2347,17,19,21,20,23,83.60
15,100,0.8800,2.3120,3.1920,17,19,21,19,24,83.45
16,100,0.8600,2.3079,3.1679,17,18,21,19,25,83.40
17,100,0.8900,2.3033,3.1933,16,17,21,21,25,83.35
18,100,0.9000,2.3033,3.2033,16,17,21,21,25,82.85
19,100,0.9200,2.3033,3.2233,17,16,21,21,25,82.85
20,100,0.9200,2.2994,3.2194,16,16,21,22,25,82.45
21,100,0.9000,2.2941,3.1941,15,16,21,23,25,82.50
22,100,0.9000,2.3038,3.2038,16,17,20,23,24,81.80
23,100,0.8900,2.3080,3.1980,16,18,20,23,23,82.15
24,100,0.9400,2.3064,3.2464,17,16,22,23,22,82.25
25,100,0.9600,2.3139,3.2739,18,17,22,22,21,82.45
26,100,0.8900,2.3153,3.2053,19,17,22,22,20,82.70
27,100,0.8900,2.3161,3.2061,18,18,22,22,20,82.30
28,100,0.8600,2.3183,3.1783,18,20,22,21,19,82.60
29,100,0.8700,2.3168,3.1868,18,21,22,21,18,83.30
30,100,0.8600,2.3161,3.1761,18,20,22,22,18,83.10
31,100,0.8200,2.3161,3.1361,18,20,22,22,18,82.65
32,100,0.8100,2.3139,3.1239,17,21,22,22,18,82.65
33,100,0.8200,2.3139,3.1339,17,21,22,22,18,82.75
34,100,0.7400,2.3160,3.0560,17,21,21,22,19,82.75
35,100,0.8200,2.3170,3.1370,18,20,20,23,19,82.80
36,100,0.7700,2.3141,3.0841,18,22,19,23,18,82.50
37,100,0.7800,2.3155,3.0955,18,21,20,23,18,83.25
38,100,0.8000,2.3177,3.1177,19,19,20,23,19,82.95
39,100,0.8000,2.3198,3.1198,20,19,20,22,19,82.40
40,100,0.8500,2.3170,3.1670,20,20,19,23,18,82.65
41,100,0.8300,2.3170,3.1470,20,20,19,23,18,82.90
42,100,0.8200,2.3161,3.1361,22,20,18,22,18,82.90
43,100,0.8400,2.3125,3.1525,23,20,17,22,18,83.70
44,100,0.8000,2.3155,3.1155,23,20,18,21,18,84.40
45,100,0.8200,2.3155,3.1355,23,20,18,21,18,84.55
46,100,0.8300,2.3112,3.1412,24,21,18,20,17,84.55
47,100,0.8000,2.3132,3.1132,23,21,18,21,17,84.65
48,100,0.8200,2.3132,3.1332,23,21,18,21,17,84.60
49,100,0.7900,2.3147,3.1047,23,21,20,19,17,84.60
50,100,0.7800,2.3168,3.0968,22,21,20,20,17,84.05
51,100,0.7800,2.3168,3.0968,22,21,20,20,17,83.35
52,100,0.7800,2.3168,3.0968,22,21,20,20,17,83.35
53,100,0.7800,2.3168,3.0968,22,21,20,20,17,83.35
54,100,0.8000,2.3147,3.1147,23,20,21,19,17,83.35
55,100,0.7800,2.3174,3.0974,21,20,21,21,17,83.75
56,100,0.7800,2.3174,3.0974,21,20,21,21,17,84.75
57,100,0.8000,2.3168,3.1168,21,20,20,22,17,84.75
58,100,0.7900,2.3168,3.1068,20,20,21,22,17,84.60
59,100,0.8000,2.3170,3.1170,20,20,19,23,18,84.55
60,100,0.7600,2.3170,3.0770,20,18,20,23,19,84.75
61,100,0.8000,2.3155,3.1155,21,18,20,23,18,84.10
62,100,0.7800,2.3147,3.0947,21,17,20,23,19,84.10
63,100,0.7900,2.3183,3.1083,22,18,21,20,19,83.65
64,100,0.7800,2.3205,3.1005,21,19,21,20,19,83.40
65,100,0.8200,2.3205,3.1405,21,19,21,20,19,83.70
66,100,0.8200,2.3183,3.1383,21,18,22,20,19,83.70
67,100,0.8100,2.3177,3.1277,19,19,23,20,19,83.40
68,100,0.8700,2.3205,3.1905,20,19,21,21,19,83.50
69,100,0.8300,2.3190,3.1490,21,19,21,21,18,84.05
70,100,0.8100,2.3197,3.1297,20,20,21,21,18,83.80
71,100,0.8200,2.3168,3.1368,20,20,22,21,17,84.20
72,100,0.8200,2.3123,3.1323,20,20,23,21,16,84.45
73,100,0.8200,2.3147,3.1347,19,20,23,21,17,84.70
74,100,0.8200,2.3123,3.1323,20,20,23,21,16,84.25
75,100,0.8200,2.3127,3.1327,20,19,24,20,17,84.60
76,100,0.8200,2.3120,3.1320,21,19,24,19,17,84.20
77,100,0.8200,2.3120,3.1320,21,19,24,19,17,84.00
78,100,0.8500,2.3123,3.1623,20,20,23,21,16,84.00
79,100,0.8300,2.3123,3.1423,20,20,23,21,16,84.65
80,100,0.8400,2.3133,3.1533,19,22,19,23,17,84.65
81,100,0.8400,2.3127,3.1527,19,20,20,24,17,85.70
82,100,0.8300,2.3079,3.1379,19,21,18,25,17,85.15
83,100,0.8600,2.3050,3.1650,19,22,17,25,17,84.90
84,100,0.8200,2.3050,3.1250,19,22,17,25,17,84.90
85,100,0.8400,2.3003,3.1403,18,22,17,26,17,84.90
86,100,0.8200,2.2995,3.1195,18,22,18,26,16,85.25
87,100,0.8400,2.2965,3.1365,18,21,18,27,16,84.90
88,100,0.8600,2.2965,3.1565,18,21,18,27,16,84.75
89,100,0.8600,2.2899,3.1499,17,23,17,27,16,84.75
90,100,0.8400,2.2959,3.1359,18,23,17,26,16,85.50
91,100,0.8300,2.2899,3.1199,18,24,17,26,15,85.40
92,100,0.8200,2.2941,3.1141,18,23,18,26,15,85.55
93,100,0.8400,2.2918,3.1318,18,22,18,27,15,85.30
94,100,0.8600,2.2939,3.1539,19,21,18,27,15,85.30
95,100,0.8300,2.2882,3.1182,19,22,18,27,14,85.00
96,100,0.8400,2.2882,3.1282,19,22,18,27,14,85.35
97,100,0.8600,2.2826,3.1426,19,24,18,26,13,85.35
98,100,0.8400,2.2861,3.1261,19,23,19,26,13,85.75
99,100,0.8400,2.2861,3.1261,19,23,19,26,13,85.55
100,100,0.8600,2.2809,3.1409,18,23,19,27,13,85.55
101,100,0.8600,2.2847,3.1447,18,21,19,28,14,85.30
102,100,0.8400,2.2777,3.1177,17,21,19,29,14,84.45
103,100,0.8700,2.2693,3.1393,16,21,19,30,14,85.00
104,100,0.8400,2.2743,3.1143,16,20,19,30,15,85.20
105,100,0.8500,2.2826,3.1326,17,20,19,29,15,85.35
106,100,0.8300,2.2792,3.1092,16,19,18,30,17,85.55
107,100,0.8400,2.2792,3.1192,16,19,18,30,17,85.65
108,100,0.8200,2.2868,3.1068,16,19,18,29,18,85.65
109,100,0.8400,2.2842,3.1242,15,19,18,29,19,84.50
110,100,0.8400,2.2807,3.1207,14,19,19,29,19,84.45
111,100,0.8400,2.2904,3.1304,15,19,19,28,19,85.05
112,100,0.8400,2.2904,3.1304,15,19,19,28,19,84.70
113,100,0.8400,2.2862,3.1262,14,20,19,28,19,84.70
114,100,0.8200,2.2847,3.1047,14,21,18,28,19,85.10
115,100,0.8400,2.2743,3.1143,13,23,17,28,19,85.90
116,100,0.8800,2.2660,3.1460,13,25,17,28,17,86.40
117,100,0.8600,2.2689,3.1289,14,25,16,28,17,87.40
118,100,0.8400,2.2708,3.1108,15,25,16,28,16,87.20
119,100,0.8400,2.2708,3.1108,15,25,16,28,16,87.55
120,100,0.8600,2.2610,3.1210,14,25,16,29,16,87.55
121,100,0.8800,2.2327,3.1127,14,23,14,33,16,88.10
122,100,0.8800,2.2327,3.1127,14,23,14,33,16,88.45
123,100,0.8700,2.2384,3.1084,15,24,14,32,15,88.45
124,100,0.8700,2.2816,3.1516,17,23,15,28,17,88.35
125,100,0.8600,2.2816,3.1416,17,23,15,28,17,87.75
126,100,0.8200,2.2870,3.1070,17,22,16,28,17,87.75
127,100,0.7900,2.2791,3.0691,17,22,16,29,16,87.20
128,100,0.7400,2.2870,3.0270,16,22,17,28,17,87.55
129,100,0.7700,2.2852,3.0552,15,22,18,28,17,86.90
130,100,0.7700,2.2789,3.0489,14,23,18,28,17,86.65
131,100,0.7400,2.2681,3.0081,13,23,18,29,17,86.80
132,100,0.7700,2.2738,3.0438,14,24,18,28,16,86.80
133,100,0.7600,2.2555,3.0155,13,24,17,30,16,86.70
134,100,0.8000,2.2575,3.0575,14,24,17,30,15,87.45
135,100,0.7600,2.2575,3.0175,14,24,17,30,15,87.50
136,100,0.7600,2.2426,3.0026,12,24,17,31,16,87.50
137,100,0.7600,2.2281,2.9881,11,24,17,32,16,88.20
138,100,0.7800,2.2281,3.0081,11,24,17,32,16,87.60
139,100,0.7700,2.2406,3.0106,11,25,17,30,17,87.90
140,100,0.8200,2.2147,3.0347,9,25,19,31,16,87.45
141,100,0.8400,2.2045,3.0445,9,25,19,32,15,88.15
142,100,0.8000,2.2114,3.0114,9,25,20,31,15,88.50
143,100,0.8200,2.2106,3.0306,10,25,19,32,14,88.60
144,100,0.7900,2.2106,3.0006,10,25,19,32,14,89.05
145,100,0.7900,2.2136,3.0036,10,26,19,31,14,89.10
146,100,0.7900,2.2175,3.0075,10,25,20,31,14,89.30
147,100,0.8100,2.2507,3.0607,12,25,19,29,15,88.95
148,100,0.7700,2.2426,3.0126,12,26,19,29,14,88.25
149,100,0.8000,2.2529,3.0529,13,25,19,29,14,88.65
150,100,0.7800,2.2605,3.0405,13,24,19,29,15,88.10
151,100,0.7700,2.2529,3.0229,13,25,19,29,14,87.75
152,100,0.7800,2.2605,3.0405,13,24,19,29,15,87.95
153,100,0.7600,2.2605,3.0205,13,24,19,29,15,87.60
154,100,0.7800,2.2738,3.0538,14,24,18,28,16,87.60
155,100,0.7500,2.2689,3.0189,14,25,17,28,16,87.20
156,100,0.7500,2.2882,3.0382,15,24,19,26,16,87.30
157,100,0.7800,2.2825,3.0625,16,23,17,28,16,87.50
158,100,0.7500,2.2746,3.0246,16,23,16,29,16,88.25
159,100,0.7400,2.2745,3.0145,16,21,17,30,16,87.55
160,100,0.7400,2.2768,3.0168,18,20,16,30,16,87.20
161,100,0.7400,2.2900,3.0300,18,21,16,28,17,86.60
162,100,0.7400,2.2852,3.0252,18,22,15,28,17,86.50
163,100,0.7400,2.2881,3.0281,18,23,15,27,17,86.95
164,100,0.7500,2.2852,3.0352,18,22,15,28,17,86.95
165,100,0.7300,2.2852,3.0152,18,22,15,28,17,86.65
166,100,0.7500,2.2852,3.0352,18,22,15,28,17,86.65
167,100,0.7500,2.2939,3.0439,19,21,15,27,18,86.20
168,100,0.7600,2.3041,3.0641,19,22,16,25,18,85.90
169,100,0.7700,2.2991,3.0691,19,21,15,26,19,86.35
170,100,0.7500,2.2924,3.0424,20,21,15,27,17,86.00
171,100,0.7300,2.2924,3.0224,20,21,15,27,17,86.10
172,100,0.7400,2.2904,3.0304,21,22,14,26,17,86.10
173,100,0.6900,2.2985,2.9885,22,21,15,25,17,86.45
174,100,0.7100,2.2985,3.0085,22,21,15,25,17,86.50
175,100,0.7300,2.2972,3.0272,23,20,15,25,17,86.50
176,100,0.7500,2.2970,3.0470,24,18,16,25,17,86.10
177,100,0.7100,2.3058,3.0158,22,18,17,25,18,85.40
178,100,0.7200,2.3050,3.0250,22,17,17,25,19,84.65
179,100,0.7100,2.3050,3.0150,22,17,17,25,19,84.25
180,100,0.7900,2.2933,3.0833,21,16,16,27,20,84.25
181,100,0.6800,2.3001,2.9801,21,17,16,26,20,84.25
182,100,0.6900,2.2987,2.9887,19,17,16,26,22,84.40
183,100,0.7100,2.2987,3.0087,19,16,17,26,22,85.15
184,100,0.7100,2.2987,3.0087,19,16,17,26,22,84.65
185,100,0.7300,2.3001,3.0301,20,16,17,26,21,84.65
186,100,0.6900,2.3026,2.9926,20,16,17,25,22,85.40
187,100,0.7100,2.2972,3.0072,20,15,17,25,23,84.80
188,100,0.7300,2.3004,3.0304,22,15,17,24,22,84.85
189,100,0.7300,2.3004,3.0304,22,15,17,24,22,84.25
190,100,0.7000,2.3019,3.0019,23,16,16,22,23,84.25
191,100,0.6900,2.3100,3.0000,22,16,18,22,22,84.80
192,100,0.7300,2.3094,3.0394,22,16,18,23,21,84.65
193,100,0.7100,2.3094,3.0194,22,16,18,23,21,84.15
194,100,0.7100,2.3040,3.0140,23,15,18,23,21,84.15
195,100,0.6800,2.3007,2.9807,24,16,16,23,21,84.25
196,100,0.6700,2.3007,2.9707,24,16,16,23,21,84.30
197,100,0.6700,2.3007,2.9707,24,16,16,23,21,84.30
198,100,0.6800,2.3051,2.9851,24,17,16,22,21,84.30
199,100,0.6700,2.3004,2.9704,24,15,17,22,22,84.40
200,100,0.7200,2.3051,3.0251,24,16,17,21,22,84.15
201,100,0.6600,2.3094,2.9694,23,16,18,21,22,84.50
202,100,0.6800,2.3125,2.9925,23,17,18,20,22,84.70
203,100,0.6900,2.3105,3.0005,23,17,18,19,23,84.75
204,100,0.6800,2.3070,2.9870,23,17,18,18,24,84.70
205,100,0.6800,2.3105,2.9905,23,17,19,18,23,84.60
206,100,0.6800,2.3098,2.9898,22,17,19,18,24,84.25
207,100,0.6900,2.3141,3.0041,22,18,19,18,23,84.20
208,100,0.6800,2.3169,2.9969,22,18,19,19,22,84.35
209,100,0.6500,2.3163,2.9663,21,19,19,18,23,84.15
210,100,0.6800,2.3169,2.9969,22,19,19,18,22,84.50
211,100,0.6800,2.3163,2.9963,21,19,19,18,23,84.55
212,100,0.6800,2.3155,2.9955,21,18,20,18,23,84.80
213,100,0.6800,2.3155,2.9955,21,18,20,18,23,84.30
214,100,0.6900,2.3109,3.0009,20,19,22,16,23,84.30
215,100,0.6900,2.3028,2.9928,19,19,24,15,23,84.85
216,100,0.6600,2.2899,2.9499,19,20,25,13,23,84.00
217,100,0.7000,2.2848,2.9848,20,21,25,12,22,84.15
218,100,0.7200,2.2867,3.0067,20,22,24,12,22,84.30
219,100,0.6900,2.2867,2.9767,20,22,24,12,22,84.30
220,100,0.6900,2.2861,2.9761,20,21,24,12,23,84.30
221,100,0.6900,2.2861,2.9761,20,21,24,12,23,84.05
222,100,0.6600,2.2738,2.9338,19,22,25,11,23,84.05
223,100,0.6700,2.2719,2.9419,19,22,26,11,22,84.10
224,100,0.6900,2.2734,2.9634,20,22,26,11,21,84.15
225,100,0.6900,2.2719,2.9619,19,22,26,11,22,83.85
226,100,0.6800,2.2719,2.9519,19,22,26,11,22,84.10
227,100,0.6800,2.2734,2.9534,20,21,26,11,22,84.10
228,100,0.6900,2.2609,2.9509,19,22,26,10,23,84.25
229,100,0.7100,2.2715,2.9815,18,23,24,11,24,84.15
230,100,0.6800,2.2709,2.9509,18,23,23,11,25,84.10
231,100,0.7000,2.2750,2.9750,19,23,23,11,24,84.45
232,100,0.6800,2.2738,2.9538,19,23,22,11,25,83.90
233,100,0.6900,2.2890,2.9790,18,24,21,13,24,84.20
234,100,0.7000,2.2853,2.9853,18,26,20,13,23,85.10
235,100,0.7200,2.2906,3.0106,18,26,19,14,23,85.45
236,100,0.7000,2.2906,2.9906,18,26,19,14,23,85.30
237,100,0.7300,2.2987,3.0287,18,25,19,15,23,85.30
238,100,0.6900,2.2987,2.9887,17,26,19,16,22,84.95
239,100,0.6500,2.2963,2.9463,16,26,20,16,22,85.65
240,100,0.6400,2.2922,2.9322,15,26,21,16,22,85.55
241,100,0.6500,2.2788,2.9288,14,27,22,15,22,85.75
242,100,0.6600,2.2715,2.9315,13,27,22,15,23,85.80
243,100,0.6800,2.2715,2.9515,13,27,22,15,23,85.75
244,100,0.7400,2.2702,3.0102,13,27,21,15,24,85.75
245,100,0.7100,2.2605,2.9705,12,27,21,15,25,85.55
246,100,0.6600,2.2517,2.9117,11,29,21,16,23,85.50
247,100,0.6800,2.2739,2.9539,12,26,21,17,24,85.10
248,100,0.6800,2.2779,2.9579,13,26,21,16,24,84.10
249,100,0.6800,2.2785,2.9585,13,25,21,16,25,84.05
250,100,0.7000,2.2816,2.9816,13,25,20,17,25,84.00
251,100,0.6800,2.2816,2.9616,13,25,20,17,25,83.85
252,100,0.6600,2.2816,2.9416,13,25,20,17,25,83.85
253,100,0.6800,2.2945,2.9745,14,25,20,18,23,84.45
254,100,0.6600,2.2970,2.9570,14,24,21,18,23,83.70
255,100,0.6700,2.2958,2.9658,14,25,21,18,22,83.20
256,100,0.6600,2.3074,2.9674,16,24,20,18,22,83.35
257,100,0.6600,2.3074,2.9674,16,24,20,18,22,83.15
258,100,0.6600,2.3083,2.9683,17,24,20,17,22,83.15
259,100,0.6700,2.2993,2.9693,15,24,19,18,24,83.40
260,100,0.6600,2.2945,2.9545,15,25,19,17,24,83.85
261,100,0.6400,2.3051,2.9451,16,24,21,17,22,84.20
262,100,0.6500,2.2972,2.9472,15,25,20,17,23,83.50
263,100,0.6400,2.2902,2.9302,14,24,20,17,25,84.15
264,100,0.6600,2.2902,2.9502,14,24,20,17,25,84.25
265,100,0.6500,2.2902,2.9402,14,25,20,17,24,84.25
266,100,0.7100,2.3041,3.0141,16,25,19,18,22,84.40
267,100,0.6600,2.3105,2.9705,17,23,19,18,23,84.60
268,100,0.6500,2.3098,2.9598,17,24,19,18,22,84.40
269,100,0.6500,2.3098,2.9598,17,24,19,18,22,84.45
270,100,0.6500,2.3098,2.9598,17,24,19,18,22,84.45
271,100,0.6700,2.3070,2.9770,17,24,18,18,23,84.45
272,100,0.6800,2.3062,2.9862,17,24,17,19,23,84.50
273,100,0.6600,2.3098,2.9698,18,24,17,19,22,84.35
274,100,0.6500,2.3098,2.9598,18,24,17,19,22,84.10
275,100,0.6500,2.3098,2.9598,18,24,17,19,22,84.10
276,100,0.6400,2.3098,2.9498,18,24,17,19,22,84.10
277,100,0.6700,2.3041,2.9741,18,25,16,19,22,84.10
278,100,0.6800,2.3034,2.9834,18,24,15,21,22,84.30
279,100,0.6500,2.3074,2.9574,18,24,16,20,22,83.80
280,100,0.6600,2.3125,2.9725,17,23,18,20,22,83.60
281,100,0.6600,2.3125,2.9725,17,23,18,20,22,83.85
282,100,0.6700,2.3112,2.9812,17,24,18,20,21,83.85
283,100,0.6800,2.3128,2.9928,18,24,18,19,21,83.90
284,100,0.6800,2.3163,2.9963,19,23,18,19,21,84.15
285,100,0.6400,2.3163,2.9563,19,23,18,19,21,84.15
286,100,0.6400,2.3147,2.9547,19,23,17,20,21,84.15
287,100,0.6500,2.3127,2.9627,19,24,17,20,20,84.55
288,100,0.6600,2.3143,2.9743,19,24,18,19,20,84.95
289,100,0.6600,2.3120,2.9720,19,24,17,19,21,84.80
290,100,0.7000,2.3147,3.0147,20,23,17,19,21,84.85
291,100,0.6700,2.3154,2.9854,20,23,17,20,20,84.55
292,100,0.6500,2.3096,2.9596,19,24,16,20,21,84.95
293,100,0.6700,2.3037,2.9737,20,25,15,20,20,85.30
294,100,0.6800,2.2911,2.9711,20,27,14,19,20,86.40
295,100,0.7000,2.2862,2.9862,19,28,14,20,19,87.00
296,100,0.6800,2.2862,2.9662,19,28,14,20,19,87.60
297,100,0.6700,2.2807,2.9507,19,29,14,19,19,87.60
298,100,0.6400,2.2904,2.9304,19,28,15,19,19,88.00
299,100,0.6700,2.2834,2.9534,18,29,15,18,20,87.55
300,100,0.6700,2.2834,2.9534,18,29,15,18,20,87.75
301,100,0.6600,2.2957,2.9557,19,27,16,17,21,87.75
302,100,0.6400,2.2852,2.9252,18,28,15,17,22,87.55
303,100,0.6600,2.2881,2.9481,18,27,15,17,23,87.60
304,100,0.6800,2.2918,2.9718,18,27,15,18,22,87.65
305,100,0.6600,2.2918,2.9518,18,27,15,18,22,87.75
306,100,0.6600,2.2995,2.9595,18,26,16,18,22,87.75
307,100,0.6600,2.3058,2.9658,18,25,17,18,22,87.45
308,100,0.6900,2.3050,2.9950,17,25,17,19,22,87.00
309,100,0.6800,2.2961,2.9761,15,26,17,21,21,86.25
310,100,0.7100,2.3001,3.0101,16,26,17,20,21,86.45
311,100,0.6900,2.2969,2.9869,15,26,18,19,22,86.10
312,100,0.6700,2.2969,2.9669,15,26,18,19,22,86.95
313,100,0.6700,2.2969,2.9669,15,26,18,19,22,86.95
314,100,0.6700,2.2969,2.9669,15,26,19,18,22,86.95
315,100,0.6500,2.2927,2.9427,14,26,20,18,22,87.00
316,100,0.6100,2.2983,2.9083,15,26,21,18,20,87.20
317,100,0.6600,2.3033,2.9633,16,25,21,17,21,87.75
318,100,0.6500,2.2994,2.9494,16,25,21,16,22,86.75
319,100,0.6500,2.3033,2.9533,17,25,21,16,21,86.95
320,100,0.6500,2.3051,2.9551,16,24,21,17,22,87.30
321,100,0.6400,2.3109,2.9509,17,22,22,17,22,86.55
322,100,0.6100,2.3058,2.9158,16,23,21,17,23,85.60
323,100,0.6600,2.3094,2.9694,16,22,21,18,23,85.65
324,100,0.6200,2.3034,2.9234,15,24,21,18,22,84.40
325,100,0.6300,2.3005,2.9305,14,23,21,19,23,85.75
326,100,0.5900,2.3005,2.8905,14,23,21,19,23,85.95
327,100,0.6700,2.3005,2.9705,14,23,19,21,23,85.95
328,100,0.6200,2.2903,2.9103,13,23,18,22,24,86.05
329,100,0.6200,2.2925,2.9125,13,23,19,21,24,86.15
330,100,0.6500,2.2744,2.9244,11,24,19,22,24,85.70
331,100,0.6500,2.2793,2.9293,12,24,18,21,25,86.15
332,100,0.6400,2.2890,2.9290,13,24,18,21,24,86.00
333,100,0.6100,2.2804,2.8904,13,25,16,22,24,86.05
334,100,0.6200,2.2812,2.9012,14,22,15,23,26,86.10
335,100,0.6000,2.2725,2.8725,14,22,14,23,27,85.35
336,100,0.5800,2.2696,2.8496,14,22,14,22,28,85.60
337,100,0.5800,2.2609,2.8409,13,24,14,21,28,85.50
338,100,0.6000,2.2594,2.8594,13,26,14,20,27,85.40
339,100,0.5800,2.2594,2.8394,13,26,14,20,27,85.70
340,100,0.5800,2.2676,2.8476,13,25,15,20,27,85.70
341,100,0.6100,2.2523,2.8623,12,26,14,21,27,85.20
342,100,0.5700,2.2523,2.8223,12,27,14,21,26,85.55
343,100,0.6500,2.2480,2.8980,12,26,13,23,26,86.00
344,100,0.6000,2.2348,2.8348,11,28,13,23,25,86.00
345,100,0.6000,2.2326,2.8326,11,29,13,23,24,86.35
346,100,0.5900,2.1949,2.7849,9,30,12,24,25,86.70
347,100,0.6200,2.1949,2.8149,9,30,12,24,25,86.80
348,100,0.6600,2.1809,2.8409,9,31,11,25,24,86.80
349,100,0.6000,2.1686,2.7686,9,31,10,25,25,86.80
350,100,0.6200,2.1835,2.8035,9,30,11,26,24,87.45
351,100,0.6200,2.1817,2.8017,9,30,11,27,23,87.40
352,100,0.6000,2.1817,2.7817,9,30,11,27,23,87.95
353,100,0.6000,2.1817,2.7817,9,30,11,27,23,87.95
354,100,0.6000,2.1998,2.7998,10,29,11,26,24,87.95
355,100,0.6200,2.1998,2.8198,10,29,11,26,24,87.95
356,100,0.6000,2.2148,2.8148,11,28,11,25,25,87.95
357,100,0.6400,2.2148,2.8548,11,28,11,25,25,88.05
358,100,0.6200,2.2159,2.8359,11,27,11,26,25,88.00
359,100,0.6200,2.2159,2.8359,11,27,11,26,25,87.85
360,100,0.6200,2.2025,2.8225,11,27,10,27,25,87.85
361,100,0.6100,2.2009,2.8109,11,28,10,27,24,88.25
362,100,0.6200,2.2112,2.8312,12,27,10,28,23,88.55
363,100,0.6000,2.2101,2.8101,12,26,10,29,23,88.65
364,100,0.5800,2.2348,2.8148,13,25,11,28,23,88.70
365,100,0.5800,2.2326,2.8126,13,24,11,29,23,88.35
366,100,0.5600,2.2400,2.8000,14,24,11,29,22,88.05
367,100,0.5500,2.2381,2.7881,14,25,11,29,21,88.10
368,100,0.5700,2.2350,2.8050,14,26,11,29,20,87.95
369,100,0.5600,2.2481,2.8081,14,26,12,28,20,88.10
370,100,0.5200,2.2773,2.7973,14,26,15,25,20,87.95
371,100,0.5600,2.2773,2.8373,14,26,15,25,20,87.65
372,100,0.5800,2.2921,2.8721,15,24,16,25,20,87.65
373,100,0.5600,2.2954,2.8554,16,24,16,25,19,87.40
374,100,0.5200,2.3038,2.8238,16,24,17,23,20,87.15
375,100,0.5200,2.3109,2.8309,16,22,19,23,20,86.60
376,100,0.5500,2.3054,2.8554,16,23,19,24,18,86.70
377,100,0.5400,2.2959,2.8359,17,23,16,26,18,86.85
378,100,0.5600,2.2933,2.8533,17,23,15,26,19,87.45
379,100,0.5400,2.2987,2.8387,18,23,15,25,19,87.50
380,100,0.5400,2.2954,2.8354,17,22,15,26,20,87.80
381,100,0.5400,2.2885,2.8285,16,22,15,27,20,86.80
382,100,0.5400,2.2762,2.8162,15,21,15,29,20,87.15
383,100,0.5500,2.2705,2.8205,15,22,14,29,20,86.60
384,100,0.5400,2.2538,2.7938,14,22,14,31,19,86.80
385,100,0.5600,2.2645,2.8245,15,22,14,30,19,87.25
386,100,0.5400,2.2705,2.8105,15,22,14,29,20,87.20
387,100,0.5400,2.2660,2.8060,15,21,14,30,20,87.40
388,100,0.5500,2.2603,2.8103,14,22,14,30,20,87.35
389,100,0.5600,2.2642,2.8242,14,23,14,29,20,87.55
390,100,0.5400,2.2642,2.8042,14,23,14,29,20,87.65
391,100,0.5400,2.2642,2.8042,14,23,14,29,20,87.65
392,100,0.5600,2.2642,2.8242,14,23,14,29,20,87.65
393,100,0.5600,2.2603,2.8203,14,22,14,30,20,86.85
394,100,0.5500,2.2538,2.8038,14,22,14,31,19,86.85
395,100,0.5100,2.2388,2.7488,13,23,14,32,18,86.50
396,100,0.5000,2.2388,2.7388,13,23,14,32,18,87.30
397,100,0.4800,2.2538,2.7338,14,22,14,31,19,87.30
398,100,0.4800,2.2538,2.7338,14,22,14,31,19,86.55
399,100,0.4800,2.2464,2.7264,13,23,14,31,19,86.55
400,100,0.4600,2.2464,2.7064,13,23,14,31,19,86.95
401,100,0.4800,2.2464,2.7264,13,23,14,31,19,86.95
402,100,0.5000,2.2538,2.7538,14,22,14,31,19,86.95
403,100,0.5100,2.2665,2.7765,16,23,13,29,19,86.65
404,100,0.5200,2.2541,2.7741,16,23,12,30,19,87.00
405,100,0.4900,2.2481,2.7381,15,24,12,30,19,87.45
406,100,0.4700,2.2507,2.7207,15,25,12,29,19,87.85
407,100,0.4800,2.2523,2.7323,15,26,12,28,19,87.90
408,100,0.4600,2.2523,2.7123,15,26,12,28,19,87.15
409,100,0.4800,2.2390,2.7190,13,28,13,28,18,87.15
410,100,0.4600,2.2390,2.6990,13,28,13,28,18,87.65
411,100,0.4600,2.2580,2.7180,13,26,15,28,18,87.65
412,100,0.4800,2.2672,2.7472,14,25,15,28,18,87.30
413,100,0.4800,2.2575,2.7375,14,24,15,30,17,87.10
414,100,0.4700,2.2601,2.7301,15,25,14,29,17,87.05
415,100,0.4600,2.2601,2.7201,15,25,14,29,17,87.25
416,100,0.4800,2.2668,2.7468,16,24,14,29,17,87.25
417,100,0.4900,2.2610,2.7510,16,25,14,29,16,86.95
418,100,0.4600,2.2610,2.7210,16,25,14,29,16,87.10
419,100,0.4600,2.2610,2.7210,16,25,14,29,16,87.10
420,100,0.4800,2.2582,2.7382,17,25,13,29,16,87.10
421,100,0.5000,2.2440,2.7440,18,25,12,30,15,86.90
422,100,0.4600,2.2564,2.7164,18,25,13,29,15,87.70
423,100,0.4600,2.2652,2.7252,18,25,13,28,16,87.40
424,100,0.4500,2.2652,2.7152,18,25,13,28,16,86.90
425,100,0.4600,2.2652,2.7252,18,25,13,28,16,86.90
426,100,0.4400,2.2726,2.7126,18,25,13,27,17,86.90
427,100,0.4300,2.2663,2.6963,18,26,13,27,16,86.30
428,100,0.4000,2.2606,2.6606,19,26,12,27,16,86.45
429,100,0.4100,2.2766,2.6866,19,27,13,24,17,86.10
430,100,0.3600,2.2809,2.6409,19,27,13,23,18,85.60
431,100,0.3900,2.2865,2.6765,19,27,15,23,16,85.80
432,100,0.4200,2.2908,2.7108,18,26,16,24,16,85.45
433,100,0.4000,2.2979,2.6979,17,25,17,24,17,84.80
434,100,0.4000,2.2979,2.6979,17,25,17,24,17,84.55
435,100,0.3800,2.2922,2.6722,17,25,17,25,16,84.55
436,100,0.3800,2.2922,2.6722,17,25,17,25,16,84.35
437,100,0.3800,2.2922,2.6722,17,25,17,25,16,84.35
438,100,0.3900,2.2859,2.6759,16,26,17,25,16,84.35
439,100,0.3800,2.2765,2.6565,16,28,17,24,15,84.65
440,100,0.3900,2.2890,2.6790,16,27,18,23,16,85.20
441,100,0.3800,2.2942,2.6742,16,26,19,23,16,84.70
442,100,0.3900,2.2981,2.6881,16,25,20,23,16,84.55
443,100,0.4000,2.2919,2.6919,16,27,19,22,16,84.05
444,100,0.3900,2.2870,2.6770,16,28,17,22,17,84.65
445,100,0.4100,2.2900,2.7000,16,28,18,21,17,85.30
446,100,0.4000,2.3025,2.7025,17,26,19,21,17,84.85
447,100,0.4000,2.3102,2.7102,18,25,19,20,18,84.10
448,100,0.4000,2.3102,2.7102,18,25,19,20,18,84.10
449,100,0.4200,2.3048,2.7248,18,26,19,20,17,84.10
450,100,0.4000,2.3048,2.7048,18,26,19,20,17,84.55
451,100,0.4400,2.3050,2.7450,17,25,19,22,17,84.55
452,100,0.4100,2.3025,2.7125,17,26,19,21,17,84.55
453,100,0.4200,2.3087,2.7287,18,25,20,20,17,84.70
454,100,0.3800,2.3034,2.6834,18,24,22,21,15,84.30
455,100,0.3900,2.3030,2.6930,19,25,21,20,15,83.85
456,100,0.3600,2.3096,2.6696,19,24,21,20,16,83.55
457,100,0.3800,2.3109,2.6909,20,22,23,19,16,83.20
458,100,0.3800,2.3109,2.6909,20,22,23,19,16,82.95
459,100,0.4100,2.3076,2.7176,20,22,23,20,15,82.95
460,100,0.4000,2.2999,2.6999,21,22,24,19,14,82.75
461,100,0.4300,2.2985,2.7285,20,23,24,19,14,82.35
462,100,0.4400,2.3006,2.7406,20,22,24,20,14,82.05
463,100,0.3800,2.3006,2.6806,20,22,24,20,14,81.75
464,100,0.3800,2.3068,2.6868,21,22,23,19,15,81.75
465,100,0.3600,2.3034,2.6634,21,22,24,18,15,82.05
466,100,0.4000,2.3013,2.7013,22,22,24,16,16,81.90
467,100,0.4100,2.2959,2.7059,22,23,24,16,15,82.30
468,100,0.4200,2.3058,2.7258,23,23,21,17,16,82.80
469,100,0.4000,2.3094,2.7094,23,22,21,18,16,83.70
470,100,0.3800,2.3094,2.6894,23,22,21,18,16,83.35
471,100,0.4000,2.3051,2.7051,24,22,21,17,16,83.35
472,100,0.4000,2.3094,2.7094,23,22,21,18,16,83.60
473,100,0.3900,2.3074,2.6974,24,22,20,18,16,83.15
474,100,0.3600,2.3034,2.6634,24,22,21,18,15,83.55
475,100,0.3600,2.3034,2.6634,24,22,21,18,15,83.50
476,100,0.3800,2.3068,2.6868,23,22,21,19,15,83.50
477,100,0.4300,2.2945,2.7245,23,25,20,18,14,83.80
478,100,0.4400,2.2987,2.7387,21,25,20,20,14,85.05
479,100,0.4000,2.2927,2.6927,21,25,20,21,13,85.10
480,100,0.3800,2.2927,2.6727,21,25,21,20,13,85.20
481,100,0.3900,2.2948,2.6848,20,26,21,19,14,85.10
482,100,0.4000,2.2980,2.6980,21,25,21,19,14,85.35
483,100,0.3800,2.2980,2.6780,21,25,21,19,14,84.85
484,100,0.3800,2.2999,2.6799,21,24,22,19,14,84.85
485,100,0.4100,2.2884,2.6984,21,25,23,18,13,84.65
486,100,0.3800,2.2941,2.6741,22,24,23,17,14,85.25
487,100,0.4000,2.2896,2.6896,23,24,23,16,14,84.55
488,100,0.4100,2.2896,2.6996,23,23,24,16,14,84.65
489,100,0.3700,2.2890,2.6590,22,24,24,16,14,84.80
490,100,0.3600,2.2928,2.6528,21,24,24,14,17,85.30
491,100,0.4200,2.2941,2.7141,22,23,24,14,17,84.20
492,100,0.4000,2.2861,2.6861,24,22,24,13,17,83.85
493,100,0.3900,2.2903,2.6803,24,23,22,13,18,83.10
494,100,0.4300,2.2793,2.7093,25,21,24,12,18,83.05
495,100,0.3800,2.2793,2.6593,25,21,24,12,18,83.40
496,100,0.3800,2.2793,2.6593,24,21,25,12,18,83.40
497,100,0.3800,2.2745,2.6545,25,21,25,12,17,83.60
498,100,0.4100,2.2855,2.6955,25,22,23,13,17,83.35
499,100,0.3900,2.2867,2.6767,24,23,23,13,17,83.10
500,100,0.4000,2.2867,2.6867,24,23,23,13,17,82.95
501,100,0.4200,2.2925,2.7125,24,21,23,13,19,82.95
502,100,0.4000,2.2925,2.6925,24,21,23,13,19,82.25
503,100,0.3800,2.2925,2.6725,24,21,23,13,19,82.25
504,100,0.3800,2.2925,2.6725,23,21,24,13,19,82.25
505,100,0.4000,2.3013,2.7013,21,21,24,14,20,82.40
506,100,0.3800,2.2980,2.6780,21,21,25,14,19,82.40
507,100,0.3900,2.2927,2.6827,20,22,26,14,18,82.65
508,100,0.4000,2.2946,2.6946,20,20,27,15,18,82.60
509,100,0.4200,2.3070,2.7270,20,20,25,16,19,82.05
510,100,0.4200,2.3102,2.7302,20,18,25,18,19,82.75
511,100,0.4000,2.3110,2.7110,19,18,25,19,19,82.35
512,100,0.3800,2.3110,2.6910,19,18,25,19,19,82.65
513,100,0.3800,2.3012,2.6812,19,18,27,18,18,82.65
514,100,0.4100,2.2946,2.7046,19,18,28,18,17,83.75
515,100,0.3800,2.2868,2.6668,19,18,29,18,16,84.15
516,100,0.4000,2.2852,2.6852,20,18,29,17,16,83.70
517,100,0.4000,2.2852,2.6852,20,18,29,17,16,83.65
518,100,0.3800,2.2876,2.6676,19,18,29,17,17,83.65
519,100,0.4000,2.2996,2.6996,20,18,27,18,17,83.80
520,100,0.3600,2.2996,2.6596,20,18,27,18,17,82.85
521,100,0.3700,2.3048,2.6748,20,19,26,18,17,82.85
522,100,0.3600,2.3048,2.6648,20,19,26,18,17,83.15
523,100,0.3400,2.3064,2.6464,19,19,26,18,18,83.15
524,100,0.3600,2.3064,2.6664,19,19,26,18,18,83.10
525,100,0.3600,2.3012,2.6612,18,19,27,18,18,83.10
526,100,0.3600,2.3012,2.6612,18,19,27,18,18,83.05
527,100,0.3600,2.3004,2.6604,18,19,27,17,19,83.05
528,100,0.3900,2.3048,2.6948,18,20,26,17,19,82.95
529,100,0.4000,2.3064,2.7064,19,18,26,18,19,83.45
530,100,0.3200,2.2996,2.6196,18,18,27,17,20,83.10
531,100,0.3000,2.3050,2.6050,17,19,25,17,22,83.20
532,100,0.3000,2.2987,2.5987,17,19,26,16,22,83.05
533,100,0.3100,2.2954,2.6054,17,20,26,15,22,82.90
534,100,0.3200,2.2954,2.6154,17,20,26,15,22,83.00
535,100,0.3200,2.2933,2.6133,17,19,26,15,23,83.00
536,100,0.3200,2.2918,2.6118,19,18,24,14,25,82.45
537,100,0.2800,2.2951,2.5751,20,18,24,14,24,83.55
538,100,0.2700,2.2951,2.5651,20,18,24,14,24,83.00
539,100,0.2800,2.2810,2.5610,20,17,24,13,26,83.00
540,100,0.2800,2.2945,2.5745,20,18,23,14,25,82.90
541,100,0.2800,2.2941,2.5741,22,17,23,14,24,83.05
542,100,0.2500,2.3034,2.5534,22,18,21,15,24,82.95
543,100,0.2500,2.3034,2.5534,21,18,22,15,24,83.30
544,100,0.2500,2.2999,2.5499,21,19,22,14,24,83.65
545,100,0.2400,2.2925,2.5325,21,19,23,13,24,83.55
546,100,0.2400,2.2925,2.5325,21,19,23,13,24,83.70
547,100,0.2800,2.2977,2.5777,22,18,22,14,24,83.70
548,100,0.2600,2.3008,2.5608,22,18,20,15,25,83.75
549,100,0.2600,2.3026,2.5626,22,17,20,16,25,83.95
550,100,0.2400,2.3026,2.5426,22,17,20,16,25,84.05
551,100,0.2500,2.3074,2.5574,22,18,20,16,24,84.05
552,100,0.2400,2.3080,2.5480,23,18,20,16,23,84.45
553,100,0.2400,2.2998,2.5398,23,17,21,15,24,84.30
554,100,0.2700,2.3080,2.5780,23,18,20,16,23,84.10
555,100,0.2400,2.3080,2.5480,23,18,20,16,23,84.75
556,100,0.2700,2.3153,2.5853,22,19,20,17,22,84.75
557,100,0.2400,2.3153,2.5553,22,19,20,17,22,85.10
558,100,0.2400,2.3153,2.5553,22,19,20,17,22,85.10
559,100,0.2600,2.3161,2.5761,22,18,20,18,22,85.10
560,100,0.2500,2.3160,2.5660,21,19,21,17,22,84.85
561,100,0.2400,2.3160,2.5560,21,19,21,17,22,84.35
562,100,0.2400,2.3160,2.5560,21,19,21,17,22,84.35
563,100,0.2200,2.3153,2.5353,20,19,22,17,22,84.35
564,100,0.2500,2.3068,2.5568,21,19,22,15,23,83.95
565,100,0.2500,2.3082,2.5582,21,20,21,15,23,83.65
566,100,0.2400,2.3026,2.5426,21,20,22,14,23,84.15
567,100,0.2800,2.3047,2.5847,18,22,22,15,23,84.60
568,100,0.2500,2.2985,2.5485,17,21,22,15,25,84.60
569,100,0.2400,2.3033,2.5433,17,21,21,16,25,84.70
570,100,0.2600,2.3020,2.5620,18,20,23,15,24,84.85
571,100,0.2400,2.3020,2.5420,18,20,23,15,24,83.95
572,100,0.3000,2.2973,2.5973,19,20,22,14,25,83.95
573,100,0.2500,2.2958,2.5458,18,21,22,14,25,83.95
574,100,0.2800,2.2824,2.5624,21,20,21,12,26,84.15
575,100,0.2400,2.2824,2.5224,21,20,21,12,26,83.95
576,100,0.2600,2.2834,2.5434,22,19,22,12,25,83.95
577,100,0.2600,2.2891,2.5491,22,18,22,13,25,83.20
578,100,0.2700,2.2932,2.5632,22,19,22,13,24,82.40
579,100,0.2400,2.2932,2.5332,22,19,22,13,24,82.85
580,100,0.2400,2.2932,2.5332,22,19,22,13,24,82.85
581,100,0.2400,2.2932,2.5332,22,19,22,13,24,82.85
582,100,0.2600,2.2903,2.5503,22,18,23,13,24,82.85
583,100,0.2200,2.2884,2.5084,21,18,23,13,25,82.85
584,100,0.2500,2.2927,2.5427,20,18,22,14,26,83.40
585,100,0.2400,2.2847,2.5247,19,18,21,14,28,82.95
586,100,0.2400,2.2847,2.5247,19,18,21,14,28,83.05
587,100,0.2200,2.2664,2.4864,19,17,21,13,30,83.05
588,100,0.2600,2.2652,2.5252,18,17,20,14,31,83.30
589,100,0.2800,2.2695,2.5495,18,17,19,15,31,83.10
590,100,0.2600,2.2695,2.5295,18,17,19,15,31,83.45
591,100,0.2700,2.2712,2.5412,17,17,19,16,31,84.15
592,100,0.2400,2.2712,2.5112,17,17,19,16,31,84.10
593,100,0.2600,2.2792,2.5392,18,17,19,16,30,84.10
594,100,0.2400,2.2792,2.5192,19,17,18,16,30,83.60
595,100,0.2600,2.2852,2.5452,20,17,18,16,29,84.00
596,100,0.2400,2.2852,2.5252,20,17,18,16,29,84.05
597,100,0.2200,2.2852,2.5052,20,17,18,16,29,84.05
598,100,0.2600,2.2777,2.5377,20,16,17,17,30,83.55
599,100,0.2600,2.2728,2.5328,21,15,18,16,30,83.20
600,100,0.2400,2.2671,2.5071,22,14,18,16,30,83.05
601,100,0.2400,2.2617,2.5017,23,14,18,15,30,82.40
602,100,0.2700,2.2698,2.5398,22,15,17,16,30,82.65
603,100,0.2500,2.2728,2.5228,21,15,18,16,30,83.20
604,100,0.2200,2.2630,2.4830,21,15,18,15,31,82.70
605,100,0.2200,2.2621,2.4821,21,16,18,14,31,82.90
606,100,0.2200,2.2573,2.4773,22,15,18,14,31,83.20
607,100,0.1600,2.2645,2.4245,22,15,19,14,30,84.05
608,100,0.1400,2.2572,2.3972,23,15,19,13,30,84.05
609,100,0.1500,2.2605,2.4105,24,15,19,13,29,84.00
610,100,0.1400,2.2650,2.4050,24,15,18,14,29,83.95
611,100,0.1400,2.2672,2.4072,25,15,18,14,28,84.10
612,100,0.1400,2.2735,2.4135,26,15,19,14,26,83.85
613,100,0.1200,2.2735,2.3935,26,15,19,14,26,83.90
614,100,0.1200,2.2869,2.4069,25,17,19,14,25,83.90
615,100,0.1300,2.2918,2.4218,24,18,19,14,25,84.05
616,100,0.1200,2.2918,2.4118,24,18,19,14,25,84.05
617,100,0.1200,2.2918,2.4118,24,18,19,14,25,84.05
618,100,0.1200,2.2918,2.4118,24,18,19,14,25,84.05
619,100,0.1600,2.3005,2.4605,23,17,19,16,25,84.05
620,100,0.1800,2.2969,2.4769,22,18,19,15,26,84.10
621,100,0.1200,2.2969,2.4169,22,18,19,15,26,84.90
622,100,0.1200,2.2853,2.4053,23,18,20,13,26,84.90
623,100,0.0900,2.2899,2.3799,23,19,20,13,25,85.05
624,100,0.0800,2.2899,2.3699,23,19,20,13,25,85.25
625,100,0.1200,2.2985,2.4185,23,19,20,14,24,85.25
626,100,0.1300,2.3068,2.4368,23,19,21,15,22,85.60
627,100,0.1300,2.3094,2.4394,23,18,21,16,22,85.30
628,100,0.0800,2.3100,2.3900,22,18,22,16,22,84.95
629,100,0.1400,2.3112,2.4512,24,18,20,17,21,85.10
630,100,0.0600,2.3058,2.3658,23,16,23,17,21,84.55
631,100,0.0600,2.3058,2.3658,23,16,23,17,21,83.45
632,100,0.0200,2.3058,2.3258,23,16,21,17,23,83.45
633,100,0.0300,2.3090,2.3390,24,17,21,17,21,83.85
634,100,0.0100,2.3090,2.3190,24,17,21,17,21,84.60
635,100,0.0000,2.3090,2.3090,24,17,21,17,21,84.60
636,100,0.0200,2.3132,2.3332,23,17,21,18,21,84.60
637,100,0.0000,2.3125,2.3125,23,17,22,18,20,84.95
638,100,0.0100,2.3155,2.3255,23,18,21,18,20,84.30
639,100,0.0000,2.3125,2.3125,23,18,22,17,20,84.75
640,100,0.0600,2.3169,2.3769,22,18,22,19,19,84.10
641,100,0.0000,2.3169,2.3169,22,18,22,19,19,84.40
642,100,0.0000,2.3169,2.3169,22,18,22,19,19,84.40
643,100,0.0400,2.3169,2.3569,22,19,22,18,19,84.40
644,100,0.0000,2.3169,2.3169,22,19,22,18,19,84.85
645,100,0.0000,2.3169,2.3169,22,19,22,18,19,84.85
646,100,0.0300,2.3161,2.3461,22,20,22,18,18,84.85
647,100,0.0200,2.3133,2.3333,23,19,22,17,19,84.70
648,100,0.0000,2.3089,2.3089,23,17,23,17,20,83.65
649,100,0.0400,2.3051,2.3451,24,17,21,16,22,82.95
650,100,0.0200,2.3051,2.3251,24,16,22,17,21,82.20
651,100,0.0000,2.3007,2.3007,24,16,23,16,21,81.60
652,100,0.0200,2.2941,2.3141,25,16,23,15,21,81.45
653,100,0.0300,2.2837,2.3137,26,17,22,13,22,81.65
654,100,0.0000,2.2855,2.2855,25,17,23,13,22,81.65
655,100,0.0100,2.2816,2.2916,25,17,25,13,20,81.85
656,100,0.0200,2.2830,2.3030,26,17,23,13,21,82.05
657,100,0.0200,2.2837,2.3037,26,17,22,13,22,82.75
658,100,0.0300,2.2830,2.3130,26,17,23,13,21,82.50
659,100,0.0200,2.2859,2.3059,26,16,23,14,21,82.45
660,100,0.0200,2.2702,2.2902,27,15,24,13,21,82.00
661,100,0.0300,2.2623,2.2923,27,15,24,12,22,81.75
662,100,0.0200,2.2647,2.2847,26,15,24,12,23,82.30
663,100,0.0200,2.2750,2.2950,25,15,24,13,23,82.15
664,100,0.0000,2.2750,2.2750,25,15,24,13,23,82.50
665,100,0.0000,2.2750,2.2750,25,15,24,13,23,82.50
666,100,0.0200,2.2654,2.2854,25,17,25,11,22,82.50
667,100,0.0000,2.2667,2.2667,25,17,24,11,23,83.00
668,100,0.0000,2.2616,2.2616,25,16,24,11,24,83.05
669,100,0.0100,2.2616,2.2716,24,16,25,11,24,82.55
670,100,0.0000,2.2610,2.2610,23,16,25,11,25,82.45
671,100,0.0400,2.2610,2.3010,25,16,25,11,23,82.40
672,100,0.0200,2.2616,2.2816,24,16,25,11,24,83.40
673,100,0.0100,2.2667,2.2767,24,17,25,11,23,83.65
674,100,0.0200,2.2764,2.2964,24,17,25,12,22,83.85
675,100,0.0600,2.2985,2.3585,22,17,25,15,21,84.25
676,100,0.0300,2.3034,2.3334,21,18,24,15,22,83.85
677,100,0.0200,2.3094,2.3294,21,18,23,16,22,84.00
678,100,0.0200,2.3074,2.3274,20,18,24,16,22,83.95
679,100,0.0200,2.2981,2.3181,20,16,23,16,25,84.10
680,100,0.0400,2.3007,2.3407,21,16,23,16,24,83.25
681,100,0.0100,2.3007,2.3107,21,16,23,16,24,83.30
682,100,0.0100,2.3051,2.3151,21,17,22,16,24,83.95
683,100,0.0200,2.3090,2.3290,21,17,21,17,24,84.40
684,100,0.0000,2.3058,2.3058,21,17,23,16,23,84.55
685,100,0.0200,2.3058,2.3258,21,17,23,16,23,84.35
686,100,0.0100,2.3058,2.3158,21,17,23,16,23,84.80
687,100,0.0300,2.3132,2.3432,21,18,21,17,23,84.80
688,100,0.0000,2.3132,2.3132,21,18,21,17,23,84.85
689,100,0.0600,2.3116,2.3716,21,16,21,19,23,84.85
690,100,0.0200,2.3068,2.3268,22,15,21,19,23,83.75
691,100,0.0200,2.3068,2.3268,23,15,21,19,22,83.65
692,100,0.0300,2.3122,2.3422,22,16,21,19,22,83.55
693,100,0.0300,2.3136,2.3436,22,16,21,20,21,83.65
694,100,0.0200,2.3136,2.3336,22,16,21,21,20,83.65
695,100,0.0200,2.3136,2.3336,22,16,21,21,20,83.30
696,100,0.0200,2.3143,2.3343,21,16,21,21,21,83.30
697,100,0.0400,2.3143,2.3543,21,16,21,21,21,82.70
698,100,0.0600,2.3136,2.3736,22,16,20,21,21,82.70
699,100,0.0500,2.3063,2.3563,24,15,20,20,21,83.25
700,100,0.0100,2.3056,2.3156,24,15,21,19,21,83.10
701,100,0.0000,2.3068,2.3068,23,15,21,19,22,83.00
702,100,0.0200,2.3012,2.3212,23,14,22,19,22,82.85
703,100,0.0200,2.2903,2.3103,24,13,22,18,23,81.75
704,100,0.0200,2.2903,2.3103,22,13,23,18,24,80.45
705,100,0.0100,2.2970,2.3070,21,14,23,18,24,80.00
706,100,0.0000,2.2890,2.2890,21,13,24,18,24,80.10
707,100,0.0100,2.2970,2.3070,21,14,23,18,24,79.65
708,100,0.0100,2.2978,2.3078,20,15,24,17,24,79.85
709,100,0.0300,2.2945,2.3245,19,15,24,17,25,80.10
710,100,0.0000,2.2945,2.2945,19,15,24,17,25,80.35
711,100,0.0000,2.2945,2.2945,19,15,24,17,25,80.35
712,100,0.0400,2.2933,2.3333,17,15,23,19,26,80.35
713,100,0.0000,2.2933,2.2933,17,15,23,19,26,80.80
714,100,0.0200,2.2854,2.3054,18,14,23,18,27,80.80
715,100,0.0400,2.2969,2.3369,19,15,22,18,26,80.90
716,100,0.0000,2.2969,2.2969,19,15,22,18,26,81.35
717,100,0.0200,2.2941,2.3141,18,15,23,18,26,81.35
718,100,0.0100,2.2959,2.3059,17,16,23,18,26,82.15
719,100,0.0000,2.2881,2.2881,17,15,23,18,27,82.55
720,100,0.0300,2.2881,2.3181,17,15,23,18,27,82.50
721,100,0.0400,2.2832,2.3232,15,15,23,20,27,82.50
722,100,0.0400,2.2739,2.3139,12,17,24,21,26,83.05
723,100,0.0200,2.2842,2.3042,13,17,24,21,25,84.30
724,100,0.0500,2.2928,2.3428,14,17,24,21,24,84.20
725,100,0.0000,2.2928,2.2928,14,17,24,21,24,84.25
726,100,0.0000,2.2779,2.2779,13,16,26,21,24,84.25
727,100,0.0300,2.2816,2.3116,13,17,25,20,25,83.70
728,100,0.0300,2.2793,2.3093,12,18,25,21,24,83.85
729,100,0.0000,2.2793,2.2793,12,18,25,21,24,84.35
730,100,0.0200,2.2764,2.2964,12,17,25,22,24,84.35
731,100,0.0200,2.2808,2.3008,12,19,25,20,24,84.05
732,100,0.0200,2.2826,2.3026,13,18,26,19,24,84.75
733,100,0.0200,2.2826,2.3026,13,18,26,19,24,84.45
734,100,0.0600,2.2958,2.3558,14,19,24,19,24,84.45
735,100,0.0300,2.2958,2.3258,14,19,24,19,24,85.05
736,100,0.0300,2.2905,2.3205,13,19,24,20,24,85.05
737,100,0.0100,2.2920,2.3020,13,20,25,20,22,84.75
738,100,0.0400,2.2985,2.3385,14,19,24,20,23,84.45
739,100,0.0000,2.2865,2.2865,13,18,25,20,24,84.10
740,100,0.0000,2.2865,2.2865,13,18,25,20,24,83.40
741,100,0.0200,2.2884,2.3084,13,18,25,21,23,83.40
742,100,0.0000,2.2884,2.2884,13,18,25,21,23,83.25
743,100,0.0000,2.2884,2.2884,13,18,25,21,23,83.25
744,100,0.0400,2.2932,2.3332,13,20,24,20,23,83.25
745,100,0.0500,2.2973,2.3473,14,20,25,19,22,84.25
746,100,0.0000,2.2973,2.2973,14,20,25,19,22,84.55
747,100,0.0100,2.2980,2.3080,14,21,25,19,21,84.55
748,100,0.0400,2.2925,2.3325,13,23,24,19,21,84.80
749,100,0.0300,2.2925,2.3225,13,24,23,19,21,85.00
750,100,0.0700,2.2835,2.3535,12,25,23,20,20,85.00
751,100,0.0000,2.2835,2.2835,12,25,23,20,20,85.65
752,100,0.0000,2.2835,2.2835,12,25,23,20,20,85.65
753,100,0.0200,2.2874,2.3074,12,24,22,21,21,85.65
754,100,0.0000,2.2861,2.2861,12,24,23,21,20,85.45
755,100,0.0500,2.2913,2.3413,13,25,22,21,19,85.70
756,100,0.0500,2.2934,2.3434,14,26,21,21,18,86.65
757,100,0.0100,2.2896,2.2996,14,27,20,21,18,86.95
758,100,0.0300,2.2896,2.3196,14,27,20,21,18,87.25
759,100,0.0700,2.2850,2.3550,16,28,21,20,15,87.15
760,100,0.0200,2.2850,2.3050,16,28,20,21,15,87.25
761,100,0.0200,2.2803,2.3003,15,28,20,22,15,86.80
762,100,0.0200,2.2832,2.3032,15,27,20,23,15,87.15
763,100,0.0000,2.2832,2.2832,15,27,20,23,15,86.90
764,100,0.0400,2.2885,2.3285,16,27,20,22,15,86.90
765,100,0.0200,2.2963,2.3163,16,26,20,22,16,86.85
766,100,0.0600,2.3005,2.3605,16,25,19,23,17,87.00
767,100,0.0200,2.2945,2.3145,15,25,19,24,17,86.30
768,100,0.0200,2.3054,2.3254,16,24,19,23,18,86.35
769,100,0.0000,2.3088,2.3088,16,23,19,23,19,85.90
770,100,0.0400,2.3079,2.3479,17,25,19,21,18,85.55
771,100,0.0000,2.3064,2.3064,17,25,20,21,17,85.80
772,100,0.0200,2.3090,2.3290,17,24,21,21,17,86.35
773,100,0.0400,2.3034,2.3434,18,24,21,22,15,86.00
774,100,0.0000,2.3004,2.3004,17,24,22,22,15,86.45
775,100,0.0000,2.3004,2.3004,17,24,22,22,15,86.35
776,100,0.0200,2.3019,2.3219,16,23,22,23,16,86.35
777,100,0.0000,2.3019,2.3019,16,23,22,23,16,86.85
778,100,0.0200,2.3019,2.3219,16,22,23,23,16,86.85
779,100,0.0100,2.3058,2.3158,16,23,23,21,17,86.75
780,100,0.0200,2.2941,2.3141,15,25,23,21,16,86.40
781,100,0.0200,2.2981,2.3181,16,25,23,20,16,86.90
782,100,0.0200,2.3083,2.3283,17,24,22,20,17,86.85
783,100,0.0000,2.3083,2.3083,17,24,22,20,17,86.20
784,100,0.0200,2.3128,2.3328,18,24,21,19,18,86.20
785,100,0.0200,2.3048,2.3248,18,26,20,19,17,86.35
786,100,0.0600,2.3143,2.3743,19,24,19,20,18,87.10
787,100,0.0000,2.3143,2.3143,19,24,19,20,18,86.45
788,100,0.0100,2.3143,2.3243,19,24,19,20,18,86.45
789,100,0.0000,2.3143,2.3143,18,24,19,20,19,86.45
790,100,0.0200,2.3112,2.3312,18,24,20,21,17,85.85
791,100,0.0500,2.3147,2.3647,19,23,20,21,17,85.35
792,100,0.0400,2.3161,2.3561,18,22,20,22,18,85.45
793,100,0.0200,2.3155,2.3355,18,21,20,23,18,85.05
794,100,0.0000,2.3163,2.3163,18,21,19,23,19,84.65
795,100,0.0300,2.3163,2.3463,18,21,19,23,19,84.40
796,100,0.0500,2.3163,2.3663,19,21,18,23,19,84.40
797,100,0.0200,2.3128,2.3328,18,21,18,24,19,84.15
798,100,0.0000,2.3128,2.3128,18,21,18,24,19,84.00
799,100,0.0500,2.3143,2.3643,19,20,18,24,19,84.00
800,100,0.0200,2.3143,2.3343,19,20,18,24,19,83.40
801,100,0.0600,2.3048,2.3648,17,19,18,26,20,83.35
802,100,0.0800,2.2996,2.3796,18,18,17,27,20,83.75
803,100,0.0200,2.3079,2.3279,19,18,17,25,21,83.35
804,100,0.0000,2.3079,2.3079,19,18,17,25,21,83.20
805,100,0.0300,2.3017,2.3317,19,18,16,26,21,83.20
806,100,0.0400,2.3025,2.3425,19,17,17,26,21,83.55
807,100,0.0200,2.3064,2.3264,20,17,17,25,21,82.65
808,100,0.0600,2.2957,2.3557,21,16,17,27,19,83.15
809,100,0.0000,2.2957,2.2957,21,16,17,27,19,83.40
810,100,0.0300,2.2973,2.3273,21,17,17,27,18,83.40
811,100,0.0000,2.2973,2.2973,21,17,17,27,18,84.05
812,100,0.0000,2.2957,2.2957,21,17,16,27,19,84.05
813,100,0.0400,2.2954,2.3354,22,15,17,26,20,84.70
814,100,0.0300,2.2963,2.3263,22,16,16,26,20,83.55
815,100,0.0000,2.2954,2.2954,22,15,17,26,20,83.85
816,100,0.0000,2.2954,2.2954,22,15,17,26,20,83.35
817,100,0.0100,2.2994,2.3094,22,16,16,25,21,83.35
818,100,0.0500,2.3033,2.3533,21,17,16,25,21,83.85
819,100,0.0200,2.3013,2.3213,22,16,16,24,22,84.85
820,100,0.0000,2.3013,2.3013,22,16,16,24,22,84.85
821,100,0.0100,2.3051,2.3151,21,17,16,24,22,84.85
822,100,0.0100,2.3125,2.3225,20,18,17,23,22,85.35
823,100,0.0000,2.3125,2.3125,20,18,17,22,23,85.15
824,100,0.0400,2.3094,2.3494,21,18,16,22,23,85.05
825,100,0.0400,2.3080,2.3480,20,18,16,23,23,85.75
826,100,0.0000,2.3080,2.3080,20,18,16,23,23,85.80
827,100,0.0000,2.3089,2.3089,20,17,17,23,23,85.80
828,100,0.0200,2.3089,2.3289,20,17,17,23,23,85.30
829,100,0.0200,2.3080,2.3280,20,16,18,23,23,85.30
830,100,0.0000,2.3123,2.3123,20,16,21,20,23,84.15
831,100,0.0000,2.3074,2.3074,20,16,22,18,24,84.30
832,100,0.0100,2.3050,2.3150,19,17,22,17,25,84.35
833,100,0.0600,2.3005,2.3605,17,16,23,19,25,84.95
834,100,0.0000,2.3005,2.3005,17,16,25,19,23,84.55
835,100,0.0200,2.2981,2.3181,16,16,25,20,23,83.55
836,100,0.0300,2.2998,2.3298,15,17,24,21,23,83.60
837,100,0.0100,2.2998,2.3098,15,17,24,21,23,83.80
838,100,0.0500,2.3109,2.3609,16,19,23,20,22,83.80
839,100,0.0200,2.3116,2.3316,16,19,23,21,21,84.80
840,100,0.0200,2.3116,2.3316,16,19,23,21,21,85.10
841,100,0.0200,2.3160,2.3360,17,19,22,21,21,85.10
842,100,0.0200,2.3168,2.3368,18,18,22,21,21,85.20
843,100,0.0200,2.3132,2.3332,18,17,23,21,21,84.80
844,100,0.0000,2.3132,2.3132,18,17,23,21,21,84.25
845,100,0.0200,2.3147,2.3347,19,17,23,20,21,84.25
846,100,0.0400,2.3076,2.3476,20,15,23,20,22,83.95
847,100,0.0000,2.3016,2.3016,19,15,25,19,22,83.40
848,100,0.0000,2.3016,2.3016,19,15,25,19,22,83.80
849,100,0.0000,2.3016,2.3016,19,15,25,19,22,83.80
850,100,0.0200,2.3030,2.3230,19,15,25,20,21,83.80
851,100,0.0200,2.3055,2.3255,20,15,23,19,23,82.70
852,100,0.0100,2.3055,2.3155,20,15,23,19,23,82.80
853,100,0.0000,2.3055,2.3055,20,15,23,19,23,82.80
854,100,0.0200,2.3040,2.3240,21,15,23,18,23,82.80
855,100,0.0000,2.3040,2.3040,21,15,23,18,23,83.05
856,100,0.0200,2.3040,2.3240,21,15,23,18,23,83.05
857,100,0.0400,2.3068,2.3468,21,15,23,19,22,83.05
858,100,0.0000,2.3068,2.3068,21,15,23,19,22,83.80
859,100,0.0600,2.3160,2.3760,21,17,22,19,21,83.80
860,100,0.0000,2.3139,2.3139,21,17,22,18,22,84.45
861,100,0.0400,2.3116,2.3516,21,16,23,19,21,84.10
862,100,0.0000,2.3116,2.3116,21,16,23,19,21,83.80
863,100,0.0200,2.3068,2.3268,22,15,23,19,21,83.80
864,100,0.0300,2.3116,2.3416,21,16,23,19,21,83.95
865,100,0.0100,2.3160,2.3260,21,17,22,19,21,83.75
866,100,0.0300,2.3168,2.3468,21,17,22,20,20,84.05
867,100,0.0200,2.3160,2.3360,19,17,22,21,21,83.90
868,100,0.0000,2.3160,2.3160,19,17,22,21,21,83.35
869,100,0.0400,2.3147,2.3547,21,17,23,19,20,83.35
870,100,0.0200,2.3153,2.3353,22,17,22,19,20,83.80
871,100,0.0000,2.3153,2.3153,22,17,22,19,20,83.90
872,100,0.0200,2.3139,2.3339,21,17,22,18,22,83.90
873,100,0.0400,2.3160,2.3560,22,17,21,19,21,84.05
874,100,0.0000,2.3122,2.3122,21,16,22,19,22,83.95
875,100,0.0000,2.3122,2.3122,21,16,22,19,22,83.85
876,100,0.0900,2.3197,2.4097,21,18,20,21,20,83.85
877,100,0.0200,2.3197,2.3397,21,18,20,21,20,84.15
878,100,0.0000,2.3197,2.3197,21,18,20,21,20,84.15
879,100,0.0100,2.3212,2.3312,21,19,20,20,20,84.15
880,100,0.0300,2.3205,2.3505,20,19,19,21,21,83.90
881,100,0.0100,2.3205,2.3305,19,20,19,21,21,83.85
882,100,0.0300,2.3197,2.3497,20,21,18,21,20,84.25
883,100,0.0200,2.3190,2.3390,20,20,18,22,20,84.40
884,100,0.0200,2.3174,2.3374,21,20,17,21,21,84.35
885,100,0.0200,2.3168,2.3368,20,20,17,21,22,84.90
886,100,0.0100,2.3168,2.3268,20,20,17,21,22,84.55
887,100,0.0200,2.3112,2.3312,20,17,18,21,24,84.55
888,100,0.0200,2.3125,2.3325,20,17,18,22,23,82.80
889,100,0.0000,2.3125,2.3125,20,17,18,22,23,82.45
890,100,0.0200,2.3125,2.3325,20,17,18,23,22,82.45
891,100,0.0000,2.3125,2.3125,20,17,18,23,22,82.55
892,100,0.0100,2.3161,2.3261,20,18,18,22,22,82.55
893,100,0.0000,2.3161,2.3161,20,18,18,22,22,82.10
894,100,0.0000,2.3183,2.3183,20,18,19,22,21,82.10
895,100,0.0000,2.3183,2.3183,20,18,19,22,21,82.05
896,100,0.0300,2.3183,2.3483,20,18,19,21,22,82.05
897,100,0.0000,2.3170,2.3170,20,18,19,20,23,82.25
898,100,0.0400,2.3147,2.3547,21,17,19,20,23,82.60
899,100,0.0200,2.3174,2.3374,21,17,20,21,21,82.40
900,100,0.0200,2.3153,2.3353,19,17,20,22,22,82.15
901,100,0.0200,2.3109,2.3309,19,16,20,23,22,82.30
902,100,0.0100,2.3028,2.3128,19,15,19,23,24,81.95
903,100,0.0200,2.3049,2.3249,20,15,19,22,24,81.35
904,100,0.0000,2.3049,2.3049,20,15,19,22,24,82.05
905,100,0.0500,2.3075,2.3575,22,15,19,22,22,82.05
906,100,0.0000,2.3068,2.3068,22,15,19,21,23,82.15
907,100,0.0100,2.3109,2.3209,22,16,19,20,23,81.75
908,100,0.0200,2.3080,2.3280,23,16,18,20,23,82.15
909,100,0.0000,2.3088,2.3088,23,16,19,19,23,82.55
910,100,0.0200,2.3127,2.3327,20,17,20,19,24,82.35
911,100,0.0300,2.3048,2.3348,20,17,19,18,26,82.35
912,100,0.0200,2.3094,2.3294,20,17,19,19,25,82.20
913,100,0.0200,2.3056,2.3256,19,17,19,19,26,82.30
914,100,0.0000,2.3056,2.3056,19,17,19,19,26,82.40
915,100,0.0000,2.3031,2.3031,19,16,20,19,26,82.40
916,100,0.0400,2.3055,2.3455,21,16,20,18,25,82.00
917,100,0.0400,2.2957,2.3357,21,16,19,17,27,81.80
918,100,0.0200,2.2980,2.3180,20,18,19,16,27,82.15
919,100,0.0500,2.2980,2.3480,20,18,19,16,27,82.85
920,100,0.0900,2.2991,2.3891,21,19,19,15,26,83.10
921,100,0.0000,2.2934,2.2934,21,18,21,14,26,83.65
922,100,0.0600,2.2963,2.3563,22,16,20,16,26,83.25
923,100,0.0100,2.2954,2.3054,22,17,20,15,26,82.30
924,100,0.0100,2.2983,2.3083,21,18,20,15,26,82.65
925,100,0.0000,2.2924,2.2924,21,17,20,15,27,83.60
926,100,0.0200,2.2957,2.3157,21,17,19,16,27,83.35
927,100,0.0400,2.3004,2.3404,19,17,19,18,27,83.80
928,100,0.0200,2.2938,2.3138,17,17,19,19,28,83.60
929,100,0.0400,2.2946,2.3346,18,17,18,19,28,84.20
930,100,0.0300,2.2946,2.3246,18,18,17,19,28,83.45
931,100,0.0400,2.2829,2.3229,17,17,16,21,29,83.75
932,100,0.0400,2.2852,2.3252,18,17,15,22,28,83.50
933,100,0.0800,2.2861,2.3661,18,16,16,22,28,83.40
934,100,0.0400,2.2897,2.3297,19,15,18,20,28,83.75
935,100,0.0200,2.2847,2.3047,19,14,18,21,28,82.95
936,100,0.0500,2.2910,2.3410,19,15,17,22,27,83.00
937,100,0.0200,2.2817,2.3017,19,14,17,22,28,82.45
938,100,0.0300,2.2719,2.3019,17,14,17,23,29,82.35
939,100,0.0100,2.2816,2.2916,17,15,17,23,28,82.25
940,100,0.0300,2.2829,2.3129,17,16,17,21,29,82.45
941,100,0.0200,2.2965,2.3165,18,16,18,21,27,82.60
942,100,0.0700,2.3033,2.3733,21,17,18,18,26,83.20
943,100,0.0000,2.2996,2.2996,20,17,18,18,27,83.05
944,100,0.0400,2.3079,2.3479,21,17,18,19,25,83.00
945,100,0.0200,2.3033,2.3233,21,17,18,18,26,83.10
946,100,0.0500,2.3056,2.3556,20,18,18,18,26,82.75
947,100,0.0200,2.3087,2.3287,20,18,20,17,25,82.40
948,100,0.1000,2.3096,2.4096,20,16,21,19,24,82.45
949,100,0.0200,2.3081,2.3281,21,16,21,18,24,82.70
950,100,0.0100,2.3132,2.3232,21,17,21,18,23,82.95
951,100,0.0600,2.3016,2.3616,19,15,22,19,25,83.20
952,100,0.0000,2.3016,2.3016,19,15,22,19,25,82.00
953,100,0.0100,2.3063,2.3163,19,16,21,19,25,82.00
954,100,0.0000,2.3063,2.3063,19,16,21,19,25,82.00
955,100,0.0000,2.3063,2.3063,19,16,21,19,25,82.00
956,100,0.0200,2.3079,2.3279,19,17,21,18,25,82.00
957,100,0.0000,2.3079,2.3079,19,17,21,18,25,82.05
958,100,0.0200,2.3063,2.3263,19,16,21,19,25,82.05
959,100,0.0600,2.3112,2.3712,20,18,21,17,24,81.90
960,100,0.0000,2.3112,2.3112,20,18,21,17,24,81.45
961,100,0.0100,2.3098,2.3198,19,18,22,17,24,81.45
962,100,0.0500,2.3081,2.3581,21,18,21,16,24,81.15
963,100,0.0200,2.3081,2.3281,21,18,21,16,24,81.20
964,100,0.0000,2.3081,2.3081,21,18,21,16,24,81.20
965,100,0.0400,2.3125,2.3525,22,18,20,17,23,81.20
966,100,0.0400,2.3105,2.3505,23,18,19,17,23,82.00
967,100,0.0400,2.3098,2.3498,22,17,19,18,24,82.40
968,100,0.0200,2.3008,2.3208,22,15,20,18,25,82.90
969,100,0.0200,2.3030,2.3230,21,15,20,19,25,82.55
970,100,0.0000,2.3030,2.3030,21,15,20,19,25,82.30
971,100,0.0200,2.3147,2.3347,21,17,20,19,23,82.30
972,100,0.0000,2.3094,2.3094,20,17,19,19,25,83.25
973,100,0.0100,2.3048,2.3148,20,17,18,19,26,82.35
974,100,0.0000,2.2996,2.2996,20,17,18,18,27,82.60
975,100,0.0100,2.2946,2.3046,19,18,17,18,28,82.95
976,100,0.0200,2.3056,2.3256,20,18,18,18,26,83.10
977,100,0.0200,2.3102,2.3302,20,18,18,19,25,83.25
978,100,0.0500,2.3135,2.3635,20,18,18,20,24,83.55
979,100,0.0000,2.3135,2.3135,20,18,18,20,24,83.60
980,100,0.0200,2.3120,2.3320,21,17,19,19,24,83.60
981,100,0.0400,2.3048,2.3448,20,19,17,18,26,82.80
982,100,0.0300,2.3094,2.3394,19,20,17,19,25,83.15
983,100,0.0400,2.3087,2.3487,20,20,17,18,25,83.35
984,100,0.0200,2.3127,2.3327,20,20,17,19,24,83.30
985,100,0.0200,2.3110,2.3310,19,19,18,19,25,83.40
986,100,0.0300,2.3102,2.3402,18,19,18,20,25,83.30
987,100,0.0000,2.3102,2.3102,18,18,19,20,25,83.25
988,100,0.0200,2.3048,2.3248,17,20,18,19,26,83.35
989,100,0.0300,2.3055,2.3355,16,21,18,20,25,84.75
990,100,0.0100,2.3082,2.3182,16,22,19,19,24,85.35
991,100,0.0100,2.2987,2.3087,15,23,19,18,25,85.40
992,100,0.0200,2.3026,2.3226,16,22,20,17,25,85.75
993,100,0.0200,2.2954,2.3154,15,22,20,17,26,86.40
994,100,0.0000,2.2922,2.2922,15,22,21,16,26,85.95
995,100,0.0000,2.2922,2.2922,15,22,21,16,26,85.70
996,100,0.0400,2.3033,2.3433,16,21,21,17,25,85.70
997,100,0.0400,2.2983,2.3383,15,20,21,18,26,85.55
998,100,0.0200,2.2998,2.3198,15,20,20,19,26,85.95
999,100,0.0000,2.2998,2.2998,15,20,20,19,26,85.65
1000,100,0.0200,2.2956,2.3156,14,20,20,20,26,85.65
1001,100,0.0600,2.2952,2.3552,13,23,20,21,23,85.40
1002,100,0.0100,2.2952,2.3052,13,23,21,20,23,84.95
1003,100,0.0000,2.2952,2.2952,13,23,21,20,23,84.40
1004,100,0.0400,2.3026,2.3426,14,23,20,21,22,84.40
1005,100,0.0400,2.3012,2.3412,14,23,19,22,22,84.60
1006,100,0.0300,2.3068,2.3368,15,23,19,21,22,84.45
1007,100,0.0200,2.3094,2.3294,16,22,18,21,23,85.00
1008,100,0.0200,2.3034,2.3234,15,22,18,21,24,84.65
1009,100,0.0300,2.3055,2.3355,15,23,19,20,23,84.45
1010,100,0.0300,2.3109,2.3409,16,23,19,20,22,84.45
1011,100,0.0400,2.3153,2.3553,17,22,19,20,22,84.60
1012,100,0.0000,2.3153,2.3153,17,22,19,20,22,84.30
1013,100,0.0500,2.3068,2.3568,15,23,19,22,21,84.30
1014,100,0.0000,2.3068,2.3068,15,23,19,22,21,85.10
1015,100,0.0000,2.3026,2.3026,14,23,20,22,21,85.10
1016,100,0.0200,2.3026,2.3226,14,21,20,23,22,85.00
1017,100,0.0000,2.3026,2.3026,14,21,20,23,22,84.95
1018,100,0.0000,2.3026,2.3026,14,21,20,23,22,84.95
1019,100,0.0400,2.3006,2.3406,14,20,20,24,22,84.95
1020,100,0.0200,2.3032,2.3232,14,22,20,22,22,84.90
1021,100,0.0300,2.3039,2.3339,14,22,21,22,21,85.00
1022,100,0.0400,2.3068,2.3468,15,23,19,22,21,84.60
1023,100,0.0000,2.3068,2.3068,15,23,19,22,21,85.25
1024,100,0.0100,2.3034,2.3134,15,24,18,21,22,85.25
1025,100,0.0200,2.3040,2.3240,15,23,18,21,23,85.20
1026,100,0.0100,2.2970,2.3070,14,24,18,21,23,84.65
1027,100,0.0400,2.3068,2.3468,15,23,19,21,22,84.75
1028,100,0.0200,2.3109,2.3309,16,23,19,20,22,84.10
1029,100,0.0300,2.3147,2.3447,17,23,19,20,21,83.55
1030,100,0.0000,2.3109,2.3109,16,22,19,20,23,83.80
1031,100,0.0000,2.3109,2.3109,16,22,19,20,23,83.90
1032,100,0.0400,2.3122,2.3522,16,22,19,21,22,83.90
1033,100,0.0300,2.3136,2.3436,16,21,20,22,21,83.70
1034,100,0.0400,2.3153,2.3553,17,19,20,22,22,83.15
1035,100,0.0000,2.3153,2.3153,17,19,20,22,22,83.55
1036,100,0.0400,2.3013,2.3413,16,16,22,24,22,83.55
1037,100,0.0800,2.2922,2.3722,16,15,22,26,21,83.25
1038,100,0.0200,2.2904,2.3104,17,14,22,26,21,83.15
1039,100,0.0400,2.2867,2.3267,17,14,22,27,20,83.05
1040,100,0.0000,2.2890,2.2890,17,14,23,26,20,83.40
1041,100,0.0000,2.2890,2.2890,17,14,23,26,20,83.00
1042,100,0.0200,2.2846,2.3046,17,14,23,27,19,83.00
1043,100,0.0400,2.2780,2.3180,18,13,22,28,19,83.10
1044,100,0.0400,2.2661,2.3061,18,12,22,29,19,82.85
1045,100,0.0200,2.2785,2.2985,18,14,21,29,18,82.95
1046,100,0.0200,2.2847,2.3047,19,14,21,28,18,83.55
1047,100,0.0000,2.2825,2.2825,18,14,22,28,18,83.50
1048,100,0.0200,2.2870,2.3070,17,16,22,28,17,83.70
1049,100,0.0200,2.2900,2.3100,17,16,21,28,18,84.10
1050,100,0.0100,2.2973,2.3073,17,17,21,27,18,83.60
1051,100,0.0000,2.2973,2.2973,17,17,21,27,18,83.90
1052,100,0.0600,2.2861,2.3461,16,16,22,28,18,83.90
1053,100,0.0000,2.2808,2.2808,16,15,23,28,18,83.90
1054,100,0.0000,2.2782,2.2782,15,15,23,28,19,83.75
1055,100,0.0300,2.2737,2.3037,15,16,23,29,17,84.25
1056,100,0.0300,2.2959,2.3259,16,17,23,26,18,83.95
1057,100,0.0000,2.2959,2.2959,16,17,23,26,18,84.20
1058,100,0.0100,2.2970,2.3070,16,18,24,25,17,84.20
1059,100,0.0200,2.3028,2.3228,17,18,24,24,17,84.00
1060,100,0.0000,2.3028,2.3028,17,18,24,24,17,83.75
1061,100,0.0000,2.3028,2.3028,17,18,24,24,17,83.75
1062,100,0.0000,2.2979,2.2979,17,17,25,24,17,83.75
1063,100,0.0200,2.3028,2.3228,18,17,24,24,17,83.25
1064,100,0.0500,2.3070,2.3570,18,18,24,23,17,83.35
1065,100,0.0200,2.3070,2.3270,18,18,24,23,17,84.30
1066,100,0.0000,2.3070,2.3070,18,17,24,23,18,84.30
1067,100,0.0100,2.3128,2.3228,18,18,24,21,19,84.40
1068,100,0.0100,2.3143,2.3243,18,19,24,20,19,84.40
1069,100,0.0200,2.3163,2.3363,18,19,23,21,19,84.30
1070,100,0.0000,2.3163,2.3163,18,19,23,21,19,84.45
1071,100,0.0100,2.3147,2.3247,17,20,23,21,19,84.45
1072,100,0.0600,2.3163,2.3763,18,19,23,21,19,84.65
1073,100,0.0200,2.3125,2.3325,17,18,23,22,20,84.80
1074,100,0.0000,2.3125,2.3125,17,18,23,22,20,84.45
1075,100,0.0700,2.3133,2.3833,17,19,23,22,19,84.45
1076,100,0.0400,2.3169,2.3569,19,18,22,22,19,85.10
1077,100,0.0300,2.3198,2.3498,19,20,22,20,19,85.50
1078,100,0.0100,2.3190,2.3290,19,21,21,18,21,85.80
1079,100,0.0200,2.3127,2.3327,19,20,20,17,24,86.05
1080,100,0.0000,2.3147,2.3147,19,20,21,17,23,86.30
1081,100,0.0300,2.3183,2.3483,19,21,20,18,22,86.25
1082,100,0.0100,2.3168,2.3268,18,22,21,18,21,86.35
1083,100,0.0000,2.3168,2.3168,18,22,21,18,21,86.30
1084,100,0.0000,2.3168,2.3168,18,22,21,18,21,86.30
1085,100,0.0100,2.3141,2.3241,18,23,22,18,19,86.30
1086,100,0.0300,2.3141,2.3441,18,23,22,18,19,87.10
1087,100,0.0200,2.3128,2.3328,18,24,21,18,19,87.10
1088,100,0.0200,2.3160,2.3360,19,22,21,17,21,87.50
1089,100,0.0200,2.3122,2.3322,19,22,21,16,22,87.40
1090,100,0.0500,2.3123,2.3623,20,23,21,16,20,87.60
1091,100,0.0000,2.3123,2.3123,20,23,21,16,20,87.45
1092,100,0.0400,2.3132,2.3532,21,23,21,17,18,87.45
1093,100,0.0400,2.2924,2.3324,20,27,21,15,17,87.30
1094,100,0.0000,2.2924,2.2924,20,27,21,15,17,87.55
1095,100,0.0300,2.2874,2.3174,21,28,19,15,17,87.55
1096,100,0.0000,2.2874,2.2874,21,28,19,15,17,88.15
1097,100,0.0300,2.2904,2.3204,19,28,19,15,19,88.15
1098,100,0.0700,2.2980,2.3680,20,27,18,16,19,87.80
1099,100,0.0100,2.2987,2.3087,19,27,19,16,19,86.60
1100,100,0.0000,2.2987,2.2987,19,27,19,16,19,86.05
1101,100,0.0500,2.2930,2.3430,18,28,19,16,19,86.05
1102,100,0.0200,2.2922,2.3122,18,28,18,16,20,86.40
1103,100,0.0100,2.2922,2.3022,18,28,18,16,20,86.45
1104,100,0.0600,2.2946,2.3546,18,28,17,18,19,86.45
1105,100,0.0000,2.2946,2.2946,18,28,17,18,19,87.15
1106,100,0.0300,2.2946,2.3246,19,28,18,18,17,87.15
1107,100,0.0300,2.2897,2.3197,19,28,20,18,15,86.60
1108,100,0.0000,2.2897,2.2897,19,28,20,18,15,86.90
1109,100,0.0200,2.2854,2.3054,20,28,20,18,14,86.90
1110,100,0.0200,2.2874,2.3074,21,27,21,17,14,86.80
1111,100,0.0000,2.2904,2.2904,21,26,22,17,14,86.50
1112,100,0.0200,2.2904,2.3104,22,26,21,17,14,86.05
1113,100,0.0500,2.2884,2.3384,23,25,21,18,13,86.75
1114,100,0.0100,2.3026,2.3126,22,25,20,17,16,86.20
1115,100,0.0400,2.3081,2.3481,21,24,21,18,16,86.15
1116,100,0.0200,2.3051,2.3251,21,24,22,17,16,85.70
1117,100,0.0600,2.3155,2.3755,20,23,21,18,18,85.55
1118,100,0.0000,2.3155,2.3155,20,23,21,18,18,85.05
1119,100,0.0000,2.3155,2.3155,20,23,21,18,18,85.05
1120,100,0.0000,2.3197,2.3197,20,21,20,18,21,85.05
1121,100,0.0200,2.3190,2.3390,21,21,19,18,21,84.75
1122,100,0.0200,2.3168,2.3368,21,21,18,18,22,84.85
1123,100,0.0500,2.3191,2.3691,21,19,19,19,22,85.00
1124,100,0.0500,2.3169,2.3669,22,19,19,18,22,84.30
1125,100,0.0100,2.3161,2.3261,22,20,18,18,22,84.90
1126,100,0.0800,2.3183,2.3983,20,22,18,19,21,85.10
1127,100,0.0000,2.3153,2.3153,20,22,17,19,22,85.45
1128,100,0.0200,2.3098,2.3298,19,22,17,18,24,85.50
1129,100,0.0200,2.3094,2.3294,19,20,17,19,25,85.35
1130,100,0.0200,2.3098,2.3298,17,22,18,19,24,84.90
1131,100,0.0500,2.3105,2.3605,19,23,17,18,23,86.05
1132,100,0.0000,2.3153,2.3153,19,22,20,17,22,86.50
1133,100,0.0300,2.3133,2.3433,19,22,19,17,23,85.60
1134,100,0.0400,2.3136,2.3536,21,21,20,16,22,86.20
1135,100,0.0200,2.3136,2.3336,21,21,20,16,22,85.35
1136,100,0.0000,2.3082,2.3082,21,21,20,15,23,85.35
1137,100,0.0200,2.3136,2.3336,21,21,20,16,22,85.25
1138,100,0.0300,2.3136,2.3436,21,21,20,16,22,85.35
1139,100,0.0600,2.3197,2.3797,20,21,20,18,21,85.35
1140,100,0.0300,2.3183,2.3483,21,22,19,18,20,85.65
1141,100,0.0600,2.3212,2.3812,21,20,19,20,20,85.70
1142,100,0.0600,2.3163,2.3763,23,19,18,19,21,85.45
1143,100,0.0200,2.3155,2.3355,23,18,18,20,21,84.85
1144,100,0.0000,2.3155,2.3155,23,18,18,20,21,84.40
1145,100,0.0100,2.3155,2.3255,23,18,18,20,21,84.40
1146,100,0.0500,2.3155,2.3655,23,18,18,21,20,84.40
1147,100,0.0300,2.3183,2.3483,22,18,19,21,20,83.50
1148,100,0.0200,2.3147,2.3347,23,17,19,21,20,84.05
1149,100,0.0200,2.3125,2.3325,23,17,18,22,20,83.90
1150,100,0.0000,2.3139,2.3139,22,17,18,22,21,84.05
1151,100,0.0100,2.3168,2.3268,21,18,18,22,21,84.30
1152,100,0.0100,2.3160,2.3260,21,19,17,22,21,84.70
1153,100,0.0000,2.3160,2.3160,21,19,17,22,21,85.10
1154,100,0.0300,2.3160,2.3460,21,19,17,22,21,85.10
1155,100,0.0200,2.3147,2.3347,21,19,17,23,20,85.35
1156,100,0.0000,2.3147,2.3147,21,19,17,23,20,85.45
1157,100,0.0000,2.3147,2.3147,21,19,17,23,20,85.45
1158,100,0.0200,2.3183,2.3383,21,19,18,22,20,85.45
1159,100,0.0400,2.3161,2.3561,22,18,18,22,20,85.30
1160,100,0.0100,2.3183,2.3283,21,19,18,22,20,85.10
1161,100,0.0500,2.3163,2.3663,21,19,18,23,19,85.05
1162,100,0.0000,2.3163,2.3163,21,19,18,23,19,85.60
1163,100,0.0000,2.3163,2.3163,21,18,19,23,19,85.60
1164,100,0.0000,2.3163,2.3163,21,18,19,23,19,85.30
1165,100,0.0400,2.3163,2.3563,21,18,19,23,19,85.30
1166,100,0.0100,2.3147,2.3247,21,17,19,23,20,85.70
1167,100,0.0000,2.3147,2.3147,21,17,19,23,20,85.60
1168,100,0.0200,2.3094,2.3294,21,16,18,23,22,85.60
1169,100,0.0000,2.3094,2.3094,21,16,18,23,22,85.20
1170,100,0.0000,2.3058,2.3058,21,16,17,23,23,85.20
1171,100,0.0400,2.3064,2.3464,22,16,17,23,22,85.55
1172,100,0.0200,2.3100,2.3300,22,16,18,22,22,85.15
1173,100,0.0400,2.3125,2.3525,23,18,17,22,20,84.75
1174,100,0.0300,2.3074,2.3374,24,18,16,22,20,84.85
1175,100,0.0300,2.3087,2.3387,25,18,17,20,20,84.65
1176,100,0.0000,2.3087,2.3087,25,18,17,20,20,84.25
1177,100,0.0000,2.3094,2.3094,25,17,19,20,19,84.25
1178,100,0.0100,2.3102,2.3202,25,18,20,19,18,84.25
1179,100,0.0300,2.3064,2.3364,26,19,19,18,18,84.15
1180,100,0.0000,2.3064,2.3064,26,19,19,18,18,84.60
1181,100,0.0000,2.3064,2.3064,26,19,19,18,18,84.60
1182,100,0.0400,2.3017,2.3417,26,21,18,16,19,84.60
1183,100,0.0000,2.3017,2.3017,26,21,18,16,19,84.10
1184,100,0.0300,2.3017,2.3317,26,21,18,16,19,84.10
1185,100,0.0600,2.3025,2.3625,26,21,17,17,19,84.50
1186,100,0.0000,2.3025,2.3025,26,21,17,17,19,84.65
1187,100,0.0200,2.3031,2.3231,26,20,19,16,19,84.65
1188,100,0.0100,2.3096,2.3196,24,21,19,16,20,84.30
1189,100,0.0000,2.3096,2.3096,24,20,19,16,21,84.60
1190,100,0.0000,2.3096,2.3096,24,20,19,16,21,84.20
1191,100,0.0000,2.3096,2.3096,24,20,19,16,21,84.20
1192,100,0.0000,2.3109,2.3109,22,20,19,16,23,84.20
1193,100,0.0200,2.3109,2.3309,23,20,19,16,22,84.40
1194,100,0.0200,2.2985,2.3185,23,19,20,14,24,84.45
1195,100,0.0200,2.2985,2.3185,23,19,20,14,24,84.10
1196,100,0.0000,2.2985,2.2985,23,19,20,14,24,84.10
1197,100,0.0100,2.3012,2.3112,23,20,20,14,23,84.10
1198,100,0.0600,2.3080,2.3680,23,18,20,16,23,84.55
1199,100,0.0200,2.3062,2.3262,23,17,19,17,24,84.65
1200,100,0.0400,2.2978,2.3378,24,17,20,15,24,85.05
1201,100,0.0200,2.3011,2.3211,24,17,19,16,24,84.85
1202,100,0.0000,2.3011,2.3011,24,17,19,16,24,85.00
1203,100,0.0000,2.3005,2.3005,23,17,19,16,25,85.00
1204,100,0.0200,2.2954,2.3154,24,16,19,16,25,84.95
1205,100,0.0300,2.2970,2.3270,24,17,18,16,25,85.15
1206,100,0.0200,2.2970,2.3170,24,17,18,16,25,85.35
1207,100,0.0000,2.2970,2.2970,24,17,18,16,25,85.35
1208,100,0.0400,2.2842,2.3242,26,16,18,15,25,85.35
1209,100,0.0000,2.2816,2.2816,25,15,19,15,26,85.45
1210,100,0.0200,2.2888,2.3088,25,15,19,16,25,85.70
1211,100,0.0200,2.2735,2.2935,26,14,19,15,26,85.50
1212,100,0.0200,2.2762,2.2962,27,14,20,15,24,85.10
1213,100,0.0000,2.2805,2.2805,25,14,21,15,25,84.50
1214,100,0.0500,2.2871,2.3371,24,14,21,16,25,84.05
1215,100,0.0100,2.2890,2.2990,24,14,22,16,24,83.25
1216,100,0.0100,2.2959,2.3059,23,15,22,16,24,83.45
1217,100,0.0000,2.2959,2.2959,23,15,22,16,24,83.55
1218,100,0.0400,2.3004,2.3404,24,15,22,17,22,83.55
1219,100,0.0000,2.3004,2.3004,24,15,22,17,22,82.85
1220,100,0.0100,2.3010,2.3110,22,15,23,17,23,82.85
1221,100,0.0000,2.2893,2.2893,22,15,23,15,25,82.30
1222,100,0.0300,2.2933,2.3233,20,16,21,16,27,82.45
1223,100,0.0100,2.2963,2.3063,20,16,22,16,26,82.60
1224,100,0.0100,2.3026,2.3126,20,17,22,16,25,82.25
1225,100,0.0600,2.2884,2.3484,23,16,22,14,25,82.10
1226,100,0.0300,2.2884,2.3184,23,16,22,14,25,82.15
1227,100,0.0100,2.2928,2.3028,22,17,22,14,25,82.15
1228,100,0.0000,2.2928,2.2928,22,17,22,14,25,82.55
1229,100,0.0000,2.2904,2.2904,21,17,22,14,26,82.55
1230,100,0.0100,2.2934,2.3034,21,18,21,14,26,82.50
1231,100,0.0200,2.2961,2.3161,21,17,21,15,26,82.70
1232,100,0.0300,2.2985,2.3285,22,17,21,15,25,82.25
1233,100,0.0400,2.3001,2.3401,21,17,20,16,26,81.65
1234,100,0.0400,2.2963,2.3363,22,16,20,16,26,81.75
1235,100,0.0000,2.2922,2.2922,21,15,22,16,26,82.00
1236,100,0.0000,2.2922,2.2922,21,15,22,16,26,81.20
1237,100,0.0000,2.2922,2.2922,21,15,22,16,26,81.20
1238,100,0.0600,2.3001,2.3601,21,16,20,17,26,81.20
1239,100,0.0400,2.2983,2.3383,21,15,20,18,26,81.95
1240,100,0.0300,2.3070,2.3370,20,16,20,19,25,81.80
1241,100,0.0000,2.3070,2.3070,20,16,20,19,25,82.70
1242,100,0.0600,2.3116,2.3716,21,16,19,21,23,82.70
1243,100,0.0100,2.3087,2.3187,18,17,20,20,25,83.15
1244,100,0.0400,2.3120,2.3520,19,17,19,21,24,83.80
1245,100,0.0300,2.3112,2.3412,18,17,20,21,24,84.30
1246,100,0.0200,2.3017,2.3217,18,16,19,21,26,83.90
1247,100,0.0200,2.2965,2.3165,18,16,18,21,27,83.30
1248,100,0.0200,2.2900,2.3100,17,16,18,21,28,83.35
1249,100,0.0000,2.2829,2.2829,17,16,17,21,29,83.60
1250,100,0.0300,2.2792,2.3092,18,16,17,19,30,83.85
1251,100,0.0500,2.2861,2.3361,17,17,17,20,29,83.05
1252,100,0.0200,2.2829,2.3029,17,16,17,21,29,82.85
1253,100,0.0300,2.3048,2.3348,17,19,18,20,26,82.70
1254,100,0.0200,2.3017,2.3217,16,19,18,21,26,83.55
1255,100,0.0000,2.3017,2.3017,16,19,18,21,26,84.00
1256,100,0.0200,2.2987,2.3187,16,19,17,22,26,84.00
1257,100,0.0100,2.2987,2.3087,16,19,17,22,26,84.10
1258,100,0.0200,2.2910,2.3110,17,19,15,22,27,84.10
1259,100,0.0400,2.2910,2.3310,17,19,15,22,27,84.25
1260,100,0.0400,2.2988,2.3388,17,19,17,20,27,84.25
1261,100,0.0200,2.3064,2.3264,18,19,18,19,26,84.60
1262,100,0.0700,2.3102,2.3802,19,18,18,20,25,83.45
1263,100,0.0000,2.3102,2.3102,19,18,18,20,25,83.35
1264,100,0.0700,2.3143,2.3843,19,19,18,20,24,83.35
1265,100,0.0200,2.3143,2.3343,19,19,18,20,24,84.50
1266,100,0.0200,2.3177,2.3377,20,19,19,19,23,84.50
1267,100,0.0000,2.3177,2.3177,20,19,19,19,23,84.10
1268,100,0.0500,2.3183,2.3683,22,20,18,19,21,84.10
1269,100,0.0000,2.3183,2.3183,22,20,18,19,21,84.60
1270,100,0.0200,2.3155,2.3355,23,20,18,18,21,84.60
1271,100,0.0000,2.3163,2.3163,23,19,19,18,21,84.65
1272,100,0.0100,2.3160,2.3260,22,19,21,17,21,84.15
1273,100,0.0100,2.3174,2.3274,21,20,21,17,21,84.35
1274,100,0.0000,2.3168,2.3168,21,20,20,17,22,84.00
1275,100,0.0200,2.3168,2.3368,22,20,20,17,21,84.35
1276,100,0.0500,2.3212,2.3712,21,20,20,19,20,84.40
1277,100,0.0200,2.3205,2.3405,21,19,20,19,21,84.20
1278,100,0.0500,2.3205,2.3705,21,19,19,21,20,83.65
1279,100,0.0100,2.3197,2.3297,21,18,21,20,20,83.10
1280,100,0.0000,2.3197,2.3197,21,18,21,20,20,82.35
1281,100,0.0000,2.3174,2.3174,21,17,21,20,21,82.35
1282,100,0.0700,2.3197,2.3897,20,18,20,21,21,81.90
1283,100,0.0000,2.3197,2.3197,20,18,20,21,21,82.75
1284,100,0.0200,2.3168,2.3368,20,17,20,22,21,82.75
1285,100,0.0500,2.3153,2.3653,22,17,19,22,20,82.80
1286,100,0.0000,2.3153,2.3153,22,17,19,22,20,82.95
1287,100,0.0000,2.3153,2.3153,22,17,19,22,20,82.95
1288,100,0.0700,2.3096,2.3796,24,16,19,21,20,82.95
1289,100,0.0400,2.3076,2.3476,23,15,20,22,20,82.75
1290,100,0.0400,2.3026,2.3426,22,14,21,23,20,82.80
1291,100,0.0200,2.2867,2.3067,22,12,24,22,20,81.50
1292,100,0.0200,2.2777,2.2977,21,11,24,23,21,80.60
1293,100,0.0400,2.2790,2.3190,23,11,23,22,21,80.75
1294,100,0.0000,2.2790,2.2790,23,11,23,22,21,80.20
1295,100,0.0000,2.2790,2.2790,22,11,23,21,23,80.20
1296,100,0.0200,2.2687,2.2887,22,10,23,22,23,80.40
1297,100,0.0100,2.2790,2.2890,22,11,23,21,23,80.10
1298,100,0.0300,2.2777,2.3077,21,11,24,21,23,79.95
1299,100,0.0200,2.2674,2.2874,21,10,24,22,23,79.30
1300,100,0.0200,2.2661,2.2861,21,10,24,21,24,79.05
1301,100,0.0400,2.2674,2.3074,23,10,22,21,24,78.25
1302,100,0.0200,2.2687,2.2887,23,10,22,22,23,79.90
1303,100,0.0000,2.2687,2.2687,23,10,22,22,23,80.30
1304,100,0.0400,2.2894,2.3294,22,12,22,22,22,80.30
1305,100,0.0200,2.2887,2.3087,22,12,21,23,22,81.20
1306,100,0.0200,2.2861,2.3061,21,12,20,24,23,81.60
1307,100,0.0500,2.2899,2.3399,20,13,19,25,23,82.00
1308,100,0.0200,2.2881,2.3081,19,13,20,26,22,82.20
1309,100,0.0300,2.2882,2.3182,18,14,19,27,22,81.85
1310,100,0.0000,2.2882,2.2882,18,14,19,27,22,82.30
1311,100,0.0000,2.2829,2.2829,18,13,20,27,22,82.30
1312,100,0.0000,2.2829,2.2829,18,13,20,27,22,82.15
1313,100,0.0500,2.2881,2.3381,19,13,20,26,22,82.15
1314,100,0.0200,2.2881,2.3081,20,13,19,26,22,82.60
1315,100,0.0200,2.2920,2.3120,20,13,20,25,22,82.70
1316,100,0.0200,2.2932,2.3132,19,13,22,24,22,82.55
1317,100,0.0000,2.2932,2.2932,19,13,22,24,22,82.05
1318,100,0.0000,2.2932,2.2932,19,13,22,24,22,82.05
1319,100,0.0000,2.2932,2.2932,19,13,22,24,22,82.05
1320,100,0.0000,2.2932,2.2932,19,13,22,24,22,82.05
1321,100,0.0200,2.2847,2.3047,19,12,24,23,22,82.05
1322,100,0.0200,2.2834,2.3034,19,12,24,24,21,82.30
1323,100,0.0400,2.2808,2.3208,19,12,24,25,20,82.65
1324,100,0.0400,2.2927,2.3327,18,14,22,26,20,82.45
1325,100,0.0000,2.2927,2.2927,18,14,22,26,20,82.80
1326,100,0.0200,2.2793,2.2993,17,13,23,27,20,82.80
1327,100,0.0000,2.2766,2.2766,17,13,24,27,19,82.30
1328,100,0.0500,2.2746,2.3246,17,14,24,28,17,82.85
1329,100,0.0000,2.2789,2.2789,17,14,23,28,18,83.30
1330,100,0.0200,2.2743,2.2943,17,13,23,28,19,83.35
1331,100,0.0500,2.2751,2.3251,18,13,23,28,18,82.90
1332,100,0.0200,2.2837,2.3037,19,13,22,27,19,82.35
1333,100,0.0500,2.2927,2.3427,20,14,22,26,18,83.15
1334,100,0.0100,2.2969,2.3069,19,15,22,26,18,82.95
1335,100,0.0000,2.2991,2.2991,19,15,21,26,19,83.45
1336,100,0.0000,2.2969,2.2969,19,15,22,26,18,83.80
1337,100,0.0200,2.2969,2.3169,18,15,22,26,19,84.05
1338,100,0.0100,2.3008,2.3108,18,15,22,25,20,84.00
1339,100,0.0500,2.2935,2.3435,17,16,22,27,18,83.95
1340,100,0.0500,2.3041,2.3541,19,16,22,25,18,84.05
1341,100,0.0400,2.2969,2.3369,19,15,22,26,18,84.65
1342,100,0.0200,2.2933,2.3133,19,15,23,26,17,84.50
1343,100,0.0100,2.2869,2.2969,19,14,25,25,17,84.15
1344,100,0.0200,2.2952,2.3152,19,14,25,23,19,83.55
1345,100,0.0400,2.2918,2.3318,19,14,25,24,18,83.95
1346,100,0.0100,2.2953,2.3053,18,15,25,24,18,83.30
1347,100,0.0100,2.2839,2.2939,17,15,27,24,17,83.70
1348,100,0.0000,2.2812,2.2812,17,14,27,24,18,82.95
1349,100,0.0100,2.2882,2.2982,16,15,26,24,19,82.55
1350,100,0.0400,2.2942,2.3342,16,16,26,23,19,82.50
1351,100,0.0200,2.2795,2.2995,14,16,27,24,19,82.80
1352,100,0.0000,2.2795,2.2795,14,16,27,24,19,82.45
1353,100,0.0200,2.2795,2.2995,14,16,27,24,19,82.45
1354,100,0.0500,2.2763,2.3263,14,17,27,25,17,82.45
1355,100,0.0200,2.2539,2.2739,14,15,29,26,16,82.35
1356,100,0.0500,2.2539,2.3039,14,16,29,26,15,82.25
1357,100,0.0000,2.2539,2.2539,14,16,29,26,15,83.20
1358,100,0.0000,2.2539,2.2539,14,16,29,26,15,83.20
1359,100,0.0100,2.2520,2.2620,14,17,29,26,14,83.20
1360,100,0.0100,2.2520,2.2620,14,17,29,26,14,83.65
1361,100,0.0200,2.2636,2.2836,15,16,28,26,15,83.65
1362,100,0.0200,2.2708,2.2908,15,16,28,25,16,83.60
1363,100,0.0500,2.2787,2.3287,15,16,26,26,17,83.50
1364,100,0.0400,2.2823,2.3223,14,18,26,25,17,82.85
1365,100,0.0100,2.2863,2.2963,14,19,26,24,17,82.80
1366,100,0.0100,2.2890,2.2990,14,20,26,23,17,82.80
1367,100,0.0000,2.2867,2.2867,14,20,27,22,17,82.95
1368,100,0.0000,2.2867,2.2867,14,20,27,22,17,83.10
1369,100,0.0000,2.2867,2.2867,14,20,27,22,17,83.10
1370,100,0.0800,2.2934,2.3734,14,21,26,21,18,83.10
1371,100,0.0500,2.2866,2.3366,14,22,26,22,16,82.35
1372,100,0.0200,2.2812,2.3012,14,22,26,23,15,82.50
1373,100,0.0000,2.2822,2.2822,14,20,27,23,16,82.50
1374,100,0.0200,2.2762,2.2962,14,20,27,24,15,81.80
1375,100,0.0100,2.2799,2.2899,14,21,26,24,15,82.20
1376,100,0.0000,2.2839,2.2839,14,20,26,24,16,82.45
1377,100,0.0000,2.2839,2.2839,14,20,26,24,16,82.25
1378,100,0.0200,2.2882,2.3082,15,19,26,24,16,82.25
1379,100,0.0000,2.2882,2.2882,15,19,26,24,16,81.80
1380,100,0.0000,2.2882,2.2882,15,19,26,24,16,81.80
1381,100,0.0200,2.2942,2.3142,16,19,26,23,16,81.80
1382,100,0.0600,2.3038,2.3638,17,20,24,23,16,82.30
1383,100,0.0300,2.3026,2.3326,17,20,25,22,16,83.30
1384,100,0.0200,2.3001,2.3201,17,20,26,21,16,83.25
1385,100,0.0400,2.3005,2.3405,17,19,25,23,16,82.80
1386,100,0.0100,2.3083,2.3183,17,20,24,22,17,83.40
1387,100,0.0300,2.3125,2.3425,18,20,23,22,17,83.70
1388,100,0.0300,2.3094,2.3394,18,21,23,22,16,84.40
1389,100,0.0400,2.3147,2.3547,19,20,21,23,17,84.70
1390,100,0.0000,2.3088,2.3088,19,19,23,23,16,84.50
1391,100,0.0000,2.3088,2.3088,19,19,23,23,16,84.00
1392,100,0.0000,2.3088,2.3088,19,19,23,23,16,84.00
1393,100,0.0100,2.3125,2.3225,18,20,22,23,17,84.00
1394,100,0.0000,2.3125,2.3125,18,20,23,22,17,84.30
1395,100,0.0500,2.3094,2.3594,16,23,22,21,18,84.45
1396,100,0.0400,2.3090,2.3490,17,24,21,21,17,83.90
1397,100,0.0100,2.3026,2.3126,16,25,22,20,17,84.15
1398,100,0.0600,2.3090,2.3690,17,24,21,21,17,84.85
1399,100,0.0100,2.3050,2.3150,17,25,22,19,17,85.20
1400,100,0.0000,2.3005,2.3005,16,25,23,19,17,85.10
1401,100,0.0200,2.3005,2.3205,16,25,23,19,17,85.00
1402,100,0.0100,2.2959,2.3059,16,26,23,18,17,85.00
1403,100,0.0000,2.2959,2.2959,16,26,23,18,17,85.45
1404,100,0.0000,2.2959,2.2959,16,26,23,18,17,85.45
1405,100,0.0200,2.2899,2.3099,15,26,24,18,17,85.45
1406,100,0.0000,2.2871,2.2871,14,26,24,18,18,85.65
1407,100,0.0000,2.2877,2.2877,14,25,25,18,18,85.60
1408,100,0.0000,2.2877,2.2877,14,25,25,18,18,85.55
1409,100,0.0600,2.2902,2.3502,14,25,24,20,17,85.55
1410,100,0.0300,2.2978,2.3278,15,24,24,20,17,86.00
1411,100,0.0200,2.3080,2.3280,16,23,23,20,18,85.60
1412,100,0.0000,2.3080,2.3080,16,23,23,20,18,85.20
1413,100,0.0200,2.3089,2.3289,17,23,23,20,17,85.20
1414,100,0.0100,2.3089,2.3189,17,23,23,20,17,85.25
1415,100,0.0200,2.3125,2.3325,17,23,22,20,18,85.25
1416,100,0.0200,2.3068,2.3268,15,23,22,21,19,86.20
1417,100,0.0200,2.3094,2.3294,16,23,22,21,18,86.20
1418,100,0.0200,2.3047,2.3247,15,23,22,22,18,86.55
1419,100,0.0200,2.3047,2.3247,15,22,22,23,18,86.30
1420,100,0.0600,2.3008,2.3608,15,20,22,25,18,86.35
1421,100,0.0000,2.3008,2.3008,15,20,22,25,18,86.30
1422,100,0.0200,2.2927,2.3127,14,20,22,26,18,86.30
1423,100,0.0000,2.2863,2.2863,14,19,24,26,17,86.65
1424,100,0.0500,2.2716,2.3216,12,20,22,28,18,85.75
1425,100,0.0100,2.2744,2.2844,12,20,23,27,18,85.20
1426,100,0.0300,2.2609,2.2909,10,22,23,26,19,85.05
1427,100,0.0200,2.2600,2.2800,10,22,21,27,20,85.35
1428,100,0.0000,2.2600,2.2600,10,22,20,27,21,85.55
1429,100,0.0000,2.2600,2.2600,10,22,20,27,21,85.90
1430,100,0.0000,2.2600,2.2600,10,22,20,27,21,85.90
1431,100,0.0200,2.2560,2.2760,10,24,20,27,19,85.90
1432,100,0.0000,2.2621,2.2621,10,24,22,25,19,86.00
1433,100,0.0400,2.2738,2.3138,11,23,22,25,19,85.40
1434,100,0.0300,2.2609,2.2909,10,23,22,26,19,85.60
1435,100,0.0000,2.2609,2.2609,10,23,22,26,19,86.10
1436,100,0.0200,2.2586,2.2786,10,22,22,27,19,86.10
1437,100,0.0000,2.2579,2.2579,10,21,23,27,19,85.75
1438,100,0.0100,2.2479,2.2579,9,22,24,26,19,85.45
1439,100,0.0200,2.2493,2.2693,9,21,24,26,20,85.55
1440,100,0.0400,2.2493,2.2893,9,21,24,26,20,85.60
1441,100,0.0200,2.2493,2.2693,9,21,24,26,20,85.60
1442,100,0.0200,2.2513,2.2713,9,21,23,26,21,85.60
1443,100,0.0200,2.2624,2.2824,10,20,23,26,21,85.35
1444,100,0.0700,2.2725,2.3425,11,21,24,25,19,85.15
1445,100,0.0000,2.2758,2.2758,11,21,24,24,20,85.30
1446,100,0.0000,2.2758,2.2758,11,21,24,24,20,85.30
1447,100,0.0200,2.2752,2.2952,11,21,23,25,20,85.30
1448,100,0.0000,2.2758,2.2758,11,20,24,24,21,85.75
1449,100,0.0000,2.2654,2.2654,10,20,24,24,22,85.55
1450,100,0.0000,2.2654,2.2654,10,20,24,24,22,86.00
1451,100,0.0200,2.2621,2.2821,10,19,24,25,22,86.00
1452,100,0.0000,2.2621,2.2621,10,19,24,25,22,85.95
1453,100,0.0700,2.2703,2.3403,11,20,21,27,21,85.95
1454,100,0.0000,2.2703,2.2703,11,20,21,27,21,86.00
1455,100,0.0200,2.2824,2.3024,12,20,21,26,21,86.00
1456,100,0.0300,2.2817,2.3117,12,20,22,26,20,85.65
1457,100,0.0400,2.2920,2.3320,13,20,22,25,20,85.20
1458,100,0.0400,2.2703,2.3103,11,20,21,27,21,84.85
1459,100,0.0100,2.2740,2.2840,11,21,21,26,21,84.45
1460,100,0.0200,2.2810,2.3010,12,19,21,26,22,84.80
1461,100,0.0100,2.2810,2.2910,12,19,21,26,22,84.55
1462,100,0.0000,2.2796,2.2796,12,19,20,26,23,84.55
1463,100,0.0000,2.2796,2.2796,12,19,20,26,23,84.90
1464,100,0.0000,2.2782,2.2782,12,18,21,26,23,84.90
1465,100,0.0100,2.2782,2.2882,12,18,21,26,23,84.40
1466,100,0.0200,2.2768,2.2968,12,18,20,25,25,84.40
1467,100,0.0000,2.2768,2.2768,12,18,20,25,25,84.40
1468,100,0.0200,2.2752,2.2952,11,20,21,23,25,84.40
1469,100,0.0600,2.2847,2.3447,12,19,22,24,23,84.85
1470,100,0.0500,2.2925,2.3425,13,19,21,24,23,84.50
1471,100,0.0200,2.2834,2.3034,12,19,21,24,24,84.90
1472,100,0.0200,2.2828,2.3028,12,19,21,23,25,85.15
1473,100,0.0000,2.2810,2.2810,12,19,21,22,26,85.35
1474,100,0.0200,2.2739,2.2939,12,17,24,21,26,84.95
1475,100,0.0400,2.2764,2.3164,12,17,24,22,25,84.45
1476,100,0.0200,2.2855,2.3055,13,17,23,22,25,85.20
1477,100,0.0500,2.3034,2.3534,15,18,22,21,24,85.60
1478,100,0.0200,2.3034,2.3234,15,18,22,21,24,85.25
1479,100,0.0500,2.3039,2.3539,14,21,22,21,22,85.25
1480,100,0.0500,2.3032,2.3532,14,23,21,21,21,85.80
1481,100,0.0000,2.3032,2.3032,14,23,21,21,21,86.35
1482,100,0.0200,2.3096,2.3296,15,21,21,21,22,86.35
1483,100,0.0400,2.3082,2.3482,15,21,20,23,21,86.10
1484,100,0.0400,2.3123,2.3523,16,23,20,21,20,86.05
1485,100,0.0000,2.3123,2.3123,16,23,20,21,20,86.15
1486,100,0.0200,2.3122,2.3322,16,22,21,22,19,86.15
1487,100,0.0400,2.3190,2.3590,18,21,21,21,19,85.75
1488,100,0.0000,2.3190,2.3190,18,21,21,21,19,85.50
1489,100,0.0000,2.3197,2.3197,18,20,21,21,20,85.50
1490,100,0.0400,2.3153,2.3553,17,19,22,22,20,85.30
1491,100,0.0000,2.3160,2.3160,17,19,22,21,21,85.15
1492,100,0.0000,2.3132,2.3132,17,18,23,21,21,84.80
1493,100,0.0200,2.3155,2.3355,18,18,23,20,21,84.60
1494,100,0.0300,2.3105,2.3405,18,19,23,17,23,84.00
1495,100,0.0000,2.3062,2.3062,17,19,24,17,23,84.30
1496,100,0.0000,2.3011,2.3011,17,19,24,16,24,84.50
1497,100,0.0200,2.3054,2.3254,18,19,23,16,24,84.40
1498,100,0.0000,2.3054,2.3054,18,19,23,16,24,83.90
1499,100,0.0500,2.3062,2.3562,17,19,23,17,24,83.90
1500,100,0.0500,2.3082,2.3582,19,19,22,16,24,84.25
1501,100,0.0100,2.3055,2.3155,18,20,21,16,25,84.50
1502,100,0.0200,2.2983,2.3183,18,20,21,15,26,84.65
1503,100,0.0000,2.2983,2.2983,18,20,21,15,26,84.85
1504,100,0.0000,2.2983,2.2983,18,20,21,15,26,84.85
1505,100,0.0300,2.2998,2.3298,19,20,20,15,26,84.85
1506,100,0.0000,2.2911,2.2911,19,20,20,14,27,84.90
1507,100,0.0000,2.2911,2.2911,19,20,20,14,27,85.25
1508,100,0.0200,2.2911,2.3111,20,19,20,14,27,85.25
1509,100,0.0200,2.2911,2.3111,20,19,20,14,27,85.10
1510,100,0.0400,2.2998,2.3398,20,19,20,15,26,86.00
1511,100,0.0000,2.2998,2.2998,20,19,20,15,26,86.95
1512,100,0.0900,2.3008,2.3908,22,20,18,15,25,86.95
1513,100,0.0000,2.3008,2.3008,22,20,18,15,25,86.95
1514,100,0.0200,2.3008,2.3208,20,22,18,15,25,86.95
1515,100,0.0200,2.2924,2.3124,21,20,17,15,27,86.80
1516,100,0.0000,2.2924,2.2924,21,20,17,15,27,86.30
1517,100,0.0200,2.2885,2.3085,22,20,16,15,27,86.30
1518,100,0.0000,2.2954,2.2954,22,20,17,15,26,85.95
1519,100,0.0000,2.2954,2.2954,22,20,17,15,26,85.90
1520,100,0.0700,2.2893,2.3593,22,23,15,15,25,85.90
1521,100,0.0200,2.2959,2.3159,22,23,15,16,24,85.95
1522,100,0.0400,2.2959,2.3359,24,22,15,16,23,85.45
1523,100,0.0200,2.2959,2.3159,24,22,15,16,23,85.70
1524,100,0.0200,2.2998,2.3198,24,21,15,17,23,85.70
1525,100,0.0000,2.2998,2.2998,24,21,15,17,23,85.75
1526,100,0.0200,2.2970,2.3170,24,21,14,18,23,85.75
1527,100,0.0200,2.3020,2.3220,24,20,15,18,23,85.45
1528,100,0.0300,2.3020,2.3320,23,20,15,18,24,85.85
1529,100,0.0200,2.3028,2.3228,23,19,15,19,24,85.60
1530,100,0.0200,2.3055,2.3255,23,19,15,20,23,85.25
1531,100,0.0200,2.3068,2.3268,23,19,15,21,22,85.05
1532,100,0.0200,2.3076,2.3276,23,20,15,20,22,85.15
1533,100,0.0000,2.3076,2.3076,23,20,15,20,22,84.90
1534,100,0.0100,2.3005,2.3105,23,21,14,19,23,84.90
1535,100,0.0100,2.3012,2.3112,22,22,14,19,23,85.50
1536,100,0.0000,2.3056,2.3056,21,21,15,19,24,85.60
1537,100,0.0000,2.3056,2.3056,21,21,15,19,24,85.15
1538,100,0.0000,2.3030,2.3030,21,20,15,19,25,85.15
1539,100,0.0500,2.2945,2.3445,23,20,14,18,25,85.10
1540,100,0.0000,2.2906,2.2906,23,19,14,18,26,85.60
1541,100,0.0200,2.2826,2.3026,24,19,13,18,26,85.45
1542,100,0.0000,2.2906,2.2906,23,19,14,18,26,85.65
1543,100,0.0000,2.2846,2.2846,23,19,14,17,27,85.55
1544,100,0.0200,2.2846,2.3046,23,19,14,17,27,85.60
1545,100,0.0100,2.2793,2.2893,23,20,13,17,27,85.60
1546,100,0.0200,2.2766,2.2966,24,19,13,17,27,86.10
1547,100,0.0200,2.2777,2.2977,25,19,13,17,26,85.70
1548,100,0.0200,2.2652,2.2852,24,19,12,17,28,85.45
1549,100,0.0300,2.2692,2.2992,24,19,13,16,28,85.45
1550,100,0.0000,2.2712,2.2712,24,19,14,15,28,85.55
1551,100,0.0100,2.2739,2.2839,23,20,14,15,28,85.40
1552,100,0.0000,2.2782,2.2782,23,19,15,15,28,85.45
1553,100,0.0200,2.2748,2.2948,22,19,15,15,29,84.95
1554,100,0.0300,2.2803,2.3103,22,20,15,15,28,84.80
1555,100,0.0200,2.2885,2.3085,22,20,16,15,27,85.10
1556,100,0.0300,2.2762,2.3062,23,21,16,13,27,84.70
1557,100,0.0200,2.2830,2.3030,23,21,17,13,26,85.50
1558,100,0.0000,2.2830,2.2830,23,21,17,13,26,84.85
1559,100,0.0100,2.2728,2.2828,22,22,17,12,27,84.85
1560,100,0.0000,2.2728,2.2728,22,22,17,12,27,84.25
1561,100,0.0200,2.2806,2.3006,21,22,17,13,27,84.25
1562,100,0.0000,2.2866,2.2866,21,22,18,13,26,84.00
1563,100,0.0000,2.2758,2.2758,21,22,18,12,27,84.25
1564,100,0.0200,2.2888,2.3088,21,21,19,13,26,84.45
1565,100,0.0500,2.2851,2.3351,20,21,19,13,27,84.05
1566,100,0.0200,2.2851,2.3051,20,21,19,13,27,84.35
1567,100,0.0100,2.2829,2.2929,20,22,18,13,27,84.35
1568,100,0.0200,2.2817,2.3017,19,22,17,14,28,84.75
1569,100,0.0300,2.2933,2.3233,19,23,17,15,26,83.85
1570,100,0.0300,2.2839,2.3139,20,24,16,14,26,84.30
1571,100,0.0700,2.2799,2.3499,21,24,14,15,26,84.15
1572,100,0.0200,2.2799,2.2999,21,24,14,15,26,85.00
1573,100,0.0000,2.2869,2.2869,21,23,15,15,26,85.00
1574,100,0.0300,2.2799,2.3099,21,24,15,14,26,85.10
1575,100,0.0900,2.2773,2.3673,20,25,15,14,26,85.35
1576,100,0.0200,2.2805,2.3005,21,25,15,14,25,85.35
1577,100,0.0200,2.2812,2.3012,22,23,15,14,26,85.40
1578,100,0.0000,2.2792,2.2792,22,23,16,13,26,84.95
1579,100,0.0100,2.2701,2.2801,22,24,16,12,26,85.10
1580,100,0.0000,2.2764,2.2764,22,24,17,12,25,85.30
1581,100,0.0000,2.2764,2.2764,22,24,17,12,25,85.25
1582,100,0.0400,2.2913,2.3313,22,21,19,13,25,85.25
1583,100,0.0300,2.2891,2.3191,22,22,18,13,25,84.80
1584,100,0.0200,2.2891,2.3091,22,22,18,13,25,84.90
1585,100,0.0200,2.2973,2.3173,20,22,19,14,25,84.90
1586,100,0.0200,2.2913,2.3113,21,22,19,13,25,85.15
1587,100,0.0000,2.2927,2.2927,21,21,20,13,25,85.10
1588,100,0.0200,2.2920,2.3120,22,20,20,13,25,84.60
1589,100,0.0000,2.2920,2.2920,22,20,20,13,25,84.25
1590,100,0.0400,2.2965,2.3365,21,22,21,13,23,84.25
1591,100,0.0200,2.3026,2.3226,21,22,20,14,23,83.60
1592,100,0.0000,2.3026,2.3026,21,22,20,14,23,84.25
1593,100,0.0600,2.3012,2.3612,22,22,19,14,23,84.25
1594,100,0.0200,2.3012,2.3212,23,22,19,14,22,84.25
1595,100,0.0200,2.2977,2.3177,24,22,18,14,22,84.30
1596,100,0.0200,2.2891,2.3091,25,22,18,13,22,84.55
1597,100,0.0100,2.2891,2.2991,25,22,18,13,22,84.00
1598,100,0.0200,2.2830,2.3030,26,21,17,13,23,84.00
1599,100,0.0200,2.2830,2.3030,26,21,17,13,23,84.05
1600,100,0.0000,2.2842,2.2842,25,21,17,13,24,84.05
1601,100,0.0200,2.2830,2.3030,26,21,17,13,23,84.30
1602,100,0.0200,2.2806,2.3006,27,21,17,13,22,84.35
1603,100,0.0000,2.2806,2.2806,27,21,17,13,22,84.70
1604,100,0.0200,2.2707,2.2907,26,23,16,12,23,84.70
1605,100,0.0200,2.2683,2.2883,27,23,16,12,22,85.00
1606,100,0.0200,2.2752,2.2952,26,23,17,12,22,84.90
1607,100,0.0000,2.2752,2.2752,26,23,17,12,22,84.30
1608,100,0.0000,2.2770,2.2770,25,23,17,12,23,84.30
1609,100,0.0000,2.2806,2.2806,25,22,18,12,23,84.25
1610,100,0.0000,2.2806,2.2806,25,22,18,12,23,83.85
1611,100,0.0500,2.2970,2.3470,24,23,18,14,21,83.85
1612,100,0.0200,2.3068,2.3268,23,22,19,15,21,84.55
1613,100,0.0400,2.3049,2.3449,24,22,19,15,20,84.20
1614,100,0.0300,2.3020,2.3320,24,23,18,15,20,84.05
1615,100,0.0100,2.3055,2.3155,23,23,19,15,20,84.80
1616,100,0.0000,2.3055,2.3055,23,23,19,15,20,84.20
1617,100,0.0300,2.3136,2.3436,21,22,21,16,20,84.20
1618,100,0.0600,2.3160,2.3760,22,21,21,17,19,84.75
1619,100,0.0400,2.3170,2.3570,20,23,20,18,19,84.45
1620,100,0.0000,2.3170,2.3170,19,23,20,18,20,85.35
1621,100,0.0600,2.3190,2.3790,20,22,20,18,20,85.60
1622,100,0.0100,2.3170,2.3270,19,23,20,18,20,85.10
1623,100,0.0200,2.3190,2.3390,20,22,20,18,20,85.60
1624,100,0.0000,2.3197,2.3197,20,21,21,18,20,85.50
1625,100,0.0200,2.3205,2.3405,19,21,21,19,20,85.15
1626,100,0.0200,2.3212,2.3412,19,20,21,20,20,84.90
1627,100,0.0000,2.3212,2.3212,19,20,21,20,20,84.45
1628,100,0.0100,2.3212,2.3312,19,21,20,20,20,84.45
1629,100,0.0000,2.3205,2.3205,19,21,19,20,21,84.65
1630,100,0.0300,2.3212,2.3512,20,21,19,20,20,84.70
1631,100,0.0200,2.3212,2.3412,20,20,19,20,21,85.10
1632,100,0.0200,2.3197,2.3397,20,21,18,20,21,84.65
1633,100,0.0000,2.3197,2.3197,20,21,18,20,21,85.25
1634,100,0.0000,2.3212,2.3212,20,21,19,20,20,85.25
1635,100,0.0300,2.3205,2.3505,21,21,19,19,20,84.60
1636,100,0.0600,2.3212,2.3812,20,20,20,21,19,84.60
1637,100,0.0000,2.3212,2.3212,20,20,20,21,19,83.75
1638,100,0.0000,2.3197,2.3197,18,20,20,21,21,83.75
1639,100,0.0200,2.3096,2.3296,16,21,19,20,24,83.65
1640,100,0.0100,2.3096,2.3196,16,21,19,20,24,83.65
1641,100,0.0500,2.3074,2.3574,16,22,18,20,24,83.65
1642,100,0.0000,2.3096,2.3096,16,21,19,20,24,83.60
1643,100,0.0000,2.3096,2.3096,16,21,19,20,24,83.40
1644,100,0.0100,2.3129,2.3229,16,22,20,20,22,83.40
1645,100,0.0000,2.3129,2.3129,16,22,20,20,22,83.80
1646,100,0.0500,2.3163,2.3663,18,23,19,19,21,83.80
1647,100,0.0600,2.3079,2.3679,18,25,17,19,21,84.15
1648,100,0.0500,2.3141,2.3641,19,23,18,18,22,84.65
1649,100,0.0000,2.3141,2.3141,19,23,18,18,22,83.65
1650,100,0.0000,2.3141,2.3141,19,23,18,18,22,83.65
1651,100,0.0000,2.3105,2.3105,19,23,17,18,23,83.65
1652,100,0.0200,2.3026,2.3226,20,22,16,17,25,84.00
1653,100,0.0000,2.3001,2.3001,20,21,16,17,26,84.15
1654,100,0.0200,2.3033,2.3233,21,21,16,17,25,83.90
1655,100,0.0600,2.3087,2.3687,20,20,17,18,25,83.95
1656,100,0.0200,2.3087,2.3287,20,20,17,18,25,83.75
1657,100,0.0200,2.3112,2.3312,20,21,17,18,24,83.75
1658,100,0.0100,2.3083,2.3183,20,22,17,17,24,83.90
1659,100,0.0000,2.3050,2.3050,19,22,17,17,25,84.30
1660,100,0.0300,2.3058,2.3358,18,22,17,18,25,85.05
1661,100,0.0000,2.3058,2.3058,18,22,17,18,25,84.90
1662,100,0.0000,2.3033,2.3033,18,21,17,18,26,84.90
1663,100,0.0200,2.3087,2.3287,18,21,18,18,25,84.75
1664,100,0.0000,2.3056,2.3056,18,20,18,18,26,84.80
1665,100,0.0600,2.2996,2.3596,20,17,18,18,27,84.35
1666,100,0.0100,2.3056,2.3156,18,18,20,18,26,84.25
1667,100,0.0500,2.3031,2.3531,20,19,19,16,26,84.60
1668,100,0.0200,2.2946,2.3146,20,20,18,15,27,85.35
1669,100,0.0100,2.2847,2.2947,19,21,18,14,28,86.10
1670,100,0.0100,2.2882,2.2982,19,22,18,14,27,86.75
1671,100,0.0300,2.2910,2.3210,19,22,17,15,27,87.20
1672,100,0.0400,2.2846,2.3246,19,23,17,14,27,86.75
1673,100,0.0400,2.2881,2.3281,18,23,17,15,27,88.15
1674,100,0.0200,2.2969,2.3169,19,22,18,15,26,88.00
1675,100,0.0400,2.2969,2.3369,19,22,18,15,26,87.90
1676,100,0.0400,2.3026,2.3426,17,22,20,16,25,87.90
1677,100,0.0500,2.2942,2.3442,16,23,19,16,26,87.20
1678,100,0.0200,2.2846,2.3046,14,23,19,17,27,87.10
1679,100,0.0200,2.2896,2.3096,14,21,20,18,27,87.30
1680,100,0.0600,2.3087,2.3687,17,20,20,18,25,86.70
1681,100,0.0900,2.3147,2.4047,20,21,19,17,23,86.10
1682,100,0.0300,2.3153,2.3453,20,22,19,17,22,85.15
1683,100,0.0300,2.3133,2.3433,19,23,19,17,22,85.40
1684,100,0.0400,2.3122,2.3522,21,22,19,16,22,85.60
1685,100,0.0400,2.3139,2.3539,21,22,18,17,22,85.80
1686,100,0.0200,2.3068,2.3268,21,23,19,15,22,85.65
1687,100,0.0000,2.3068,2.3068,21,22,19,15,23,85.25
1688,100,0.0200,2.3012,2.3212,22,22,19,14,23,84.80
1689,100,0.0200,2.3026,2.3226,23,21,20,14,22,84.25
1690,100,0.0100,2.3026,2.3126,23,21,20,14,22,83.75
1691,100,0.0100,2.3032,2.3132,22,22,20,14,22,83.75
1692,100,0.0500,2.3122,2.3622,21,22,19,16,22,83.85
1693,100,0.0500,2.3141,2.3641,19,23,18,18,22,84.45
1694,100,0.0200,2.3141,2.3341,19,23,18,18,22,85.20
1695,100,0.0200,2.3155,2.3355,20,23,18,18,21,84.60
1696,100,0.0200,2.3132,2.3332,21,23,17,18,21,84.65
1697,100,0.0400,2.3155,2.3555,20,23,18,18,21,84.95
1698,100,0.0000,2.3155,2.3155,20,23,18,18,21,84.55
1699,100,0.0200,2.3139,2.3339,21,22,18,17,22,84.55
1700,100,0.0200,2.3139,2.3339,22,22,18,17,21,83.45
1701,100,0.0400,2.3190,2.3590,21,21,18,19,21,83.20
1702,100,0.0400,2.3197,2.3597,20,21,18,20,21,82.90
1703,100,0.0000,2.3190,2.3190,20,20,18,20,22,82.95
1704,100,0.0000,2.3177,2.3177,19,19,19,20,23,82.55
1705,100,0.0000,2.3170,2.3170,19,18,20,20,23,82.45
1706,100,0.0000,2.3143,2.3143,19,18,19,20,24,81.95
1707,100,0.0100,2.3177,2.3277,19,19,19,20,23,82.80
1708,100,0.0700,2.3094,2.3794,18,21,16,22,23,82.95
1709,100,0.0100,2.3047,2.3147,18,22,15,22,23,84.50
1710,100,0.0000,2.3102,2.3102,17,22,17,21,23,85.00
1711,100,0.0100,2.3058,2.3158,17,23,16,21,23,85.05
1712,100,0.0500,2.2970,2.3470,18,24,14,21,23,85.65
1713,100,0.0200,2.2977,2.3177,18,24,14,22,22,86.85
1714,100,0.0100,2.2928,2.3028,17,25,14,22,22,86.70
1715,100,0.0200,2.2958,2.3158,18,25,14,22,21,86.80
1716,100,0.0000,2.2958,2.2958,18,25,14,22,21,86.55
1717,100,0.0200,2.2903,2.3103,18,24,13,23,22,86.55
1718,100,0.0300,2.2828,2.3128,19,25,12,21,23,86.90
1719,100,0.0100,2.2796,2.2896,19,26,12,20,23,86.95
1720,100,0.0600,2.2713,2.3313,19,26,11,21,23,86.90
1721,100,0.0300,2.2744,2.3044,18,27,12,20,23,86.75
1722,100,0.0600,2.2925,2.3525,19,24,13,21,23,86.95
1723,100,0.0000,2.2925,2.2925,19,24,13,21,23,86.20
1724,100,0.0200,2.2925,2.3125,19,24,13,21,23,86.20
1725,100,0.0300,2.2899,2.3199,19,25,13,20,23,87.10
1726,100,0.0000,2.2973,2.2973,19,25,14,20,22,87.45
1727,100,0.0200,2.2958,2.3158,18,25,14,21,22,87.10
1728,100,0.0300,2.2934,2.3234,18,26,14,21,21,87.30
1729,100,0.0200,2.2927,2.3127,18,26,14,22,20,87.40
1730,100,0.0000,2.2927,2.2927,18,26,14,22,20,87.50
1731,100,0.0200,2.2945,2.3145,18,25,14,23,20,87.50
1732,100,0.0000,2.2945,2.2945,18,25,14,23,20,87.35
1733,100,0.0100,2.3015,2.3115,18,25,15,21,21,87.35
1734,100,0.0000,2.3081,2.3081,18,24,16,21,21,87.45
1735,100,0.0000,2.3080,2.3080,18,23,16,20,23,87.15
1736,100,0.0000,2.3080,2.3080,18,23,16,20,23,86.25
1737,100,0.0000,2.3089,2.3089,17,23,17,20,23,86.25
1738,100,0.0400,2.3163,2.3563,19,21,18,19,23,85.85
1739,100,0.0200,2.3177,2.3377,20,19,19,19,23,85.45
1740,100,0.0000,2.3170,2.3170,20,19,20,18,23,84.45
1741,100,0.0100,2.3170,2.3270,20,19,20,18,23,84.30
1742,100,0.0400,2.3183,2.3583,21,19,20,18,22,84.30
1743,100,0.0400,2.3169,2.3569,22,19,19,18,22,84.15
1744,100,0.0000,2.3169,2.3169,22,19,19,18,22,84.25
1745,100,0.0400,2.3163,2.3563,23,18,19,19,21,84.25
1746,100,0.0300,2.3190,2.3490,22,18,20,20,20,84.70
1747,100,0.0200,2.3190,2.3390,21,18,21,21,19,85.20
1748,100,0.0800,2.3109,2.3909,23,16,20,22,19,84.90
1749,100,0.0100,2.3153,2.3253,22,17,20,22,19,85.15
1750,100,0.0100,2.3168,2.3268,22,18,21,21,18,85.35
1751,100,0.0900,2.3183,2.4083,22,18,20,21,19,85.35
1752,100,0.0200,2.3153,2.3353,22,17,19,22,20,85.40
1753,100,0.0200,2.3205,2.3405,21,19,19,21,20,85.40
1754,100,0.0100,2.3183,2.3283,21,19,18,20,22,85.80
1755,100,0.0000,2.3191,2.3191,21,19,19,19,22,85.85
1756,100,0.0000,2.3191,2.3191,21,19,19,19,22,85.15
1757,100,0.0200,2.3191,2.3391,21,19,19,19,22,85.15
1758,100,0.0400,2.3198,2.3598,22,19,19,20,20,85.15
1759,100,0.0200,2.3183,2.3383,21,19,18,20,22,85.20
1760,100,0.0200,2.3183,2.3383,21,19,18,20,22,83.95
1761,100,0.0100,2.3197,2.3297,21,20,18,20,21,83.95
1762,100,0.0300,2.3197,2.3497,21,20,18,21,20,84.00
1763,100,0.0300,2.3089,2.3389,22,20,15,21,22,84.40
1764,100,0.0000,2.3082,2.3082,21,20,15,21,23,84.85
1765,100,0.0000,2.3063,2.3063,21,20,15,20,24,84.50
1766,100,0.0200,2.2973,2.3173,22,19,14,20,25,84.40
1767,100,0.0000,2.2954,2.2954,20,19,15,19,27,83.85
1768,100,0.0600,2.2987,2.3587,20,21,14,20,25,83.15
1769,100,0.0300,2.3015,2.3315,18,21,15,21,25,83.50
1770,100,0.0000,2.3015,2.3015,18,21,15,21,25,84.25
1771,100,0.0300,2.2985,2.3285,17,22,15,21,25,84.25
1772,100,0.0100,2.2941,2.3041,16,23,15,21,25,84.40
1773,100,0.0600,2.3064,2.3664,17,22,16,22,23,84.90
1774,100,0.0000,2.3102,2.3102,17,21,17,22,23,85.65
1775,100,0.0500,2.3132,2.3632,18,21,17,21,23,85.15
1776,100,0.0000,2.3132,2.3132,18,21,17,21,23,84.70
1777,100,0.0000,2.3132,2.3132,18,21,17,21,23,84.70
1778,100,0.0100,2.3094,2.3194,18,22,16,21,23,84.70
1779,100,0.0200,2.3026,2.3226,17,20,16,22,25,85.20
1780,100,0.0200,2.2981,2.3181,16,20,16,23,25,84.95
1781,100,0.0000,2.2981,2.2981,16,20,16,23,25,85.00
1782,100,0.0200,2.3083,2.3283,17,20,17,22,24,85.00
1783,100,0.0200,2.3089,2.3289,17,20,17,23,23,84.60
1784,100,0.0200,2.3038,2.3238,16,20,17,24,23,85.05
1785,100,0.0200,2.3011,2.3211,16,19,17,24,24,84.95
1786,100,0.0600,2.3062,2.3662,17,19,17,24,23,84.80
1787,100,0.0200,2.3021,2.3221,17,18,17,25,23,84.50
1788,100,0.0600,2.3074,2.3674,18,20,16,24,22,84.60
1789,100,0.0700,2.3064,2.3764,17,20,17,25,21,85.65
1790,100,0.0000,2.3064,2.3064,17,20,17,25,21,84.45
1791,100,0.0000,2.3055,2.3055,16,20,18,25,21,84.45
1792,100,0.0000,2.3055,2.3055,16,20,18,25,21,84.65
1793,100,0.0400,2.3079,2.3479,17,19,18,25,21,84.65
1794,100,0.0200,2.3102,2.3302,18,19,18,25,20,84.75
1795,100,0.0200,2.3102,2.3302,18,18,19,25,20,84.50
1796,100,0.0000,2.3079,2.3079,18,17,19,25,21,84.30
1797,100,0.0000,2.3064,2.3064,17,17,20,25,21,83.55
1798,100,0.0000,2.3033,2.3033,16,17,21,25,21,83.70
1799,100,0.0000,2.3033,2.3033,16,17,21,25,21,83.90
1800,100,0.0000,2.2994,2.2994,16,16,22,25,21,83.90
1801,100,0.0200,2.3033,2.3233,17,16,21,25,21,83.45
1802,100,0.0200,2.3055,2.3255,18,16,20,25,21,83.85
1803,100,0.0300,2.3125,2.3425,18,17,20,23,22,83.70
1804,100,0.0400,2.3139,2.3539,18,17,21,22,22,84.25
1805,100,0.0200,2.3116,2.3316,19,16,21,21,23,84.70
1806,100,0.0300,2.3082,2.3382,20,15,21,21,23,85.10
1807,100,0.0000,2.3089,2.3089,20,15,22,21,22,85.00
1808,100,0.0400,2.3012,2.3412,19,14,22,23,22,84.65
1809,100,0.0200,2.2952,2.3152,20,13,21,23,23,84.30
1810,100,0.0100,2.3012,2.3112,20,14,20,23,23,84.25
1811,100,0.0200,2.2887,2.3087,21,12,22,23,22,84.40
1812,100,0.0000,2.2887,2.2887,21,12,23,22,22,84.25
1813,100,0.0000,2.2887,2.2887,21,12,23,22,22,84.10
1814,100,0.0000,2.2887,2.2887,21,12,23,22,22,84.10
1815,100,0.0000,2.2784,2.2784,21,11,24,22,22,84.10
1816,100,0.0100,2.2810,2.2910,19,12,26,21,22,83.75
1817,100,0.0000,2.2810,2.2810,19,12,26,21,22,84.60
1818,100,0.0000,2.2810,2.2810,19,12,26,21,22,84.60
1819,100,0.0100,2.2866,2.2966,18,13,26,21,22,84.60
1820,100,0.0100,2.2866,2.2966,18,13,26,21,22,84.60
1821,100,0.0000,2.2830,2.2830,17,13,26,21,23,84.30
1822,100,0.0200,2.2842,2.3042,17,13,25,21,24,84.70
1823,100,0.0300,2.2951,2.3251,18,14,24,20,24,84.30
1824,100,0.0100,2.2993,2.3093,18,15,24,19,24,84.45
1825,100,0.0200,2.2993,2.3193,18,15,24,19,24,84.55
1826,100,0.0200,2.2987,2.3187,18,15,23,19,25,84.55
1827,100,0.0800,2.2961,2.3761,21,15,21,17,26,85.50
1828,100,0.0000,2.2924,2.2924,20,15,21,17,27,84.35
1829,100,0.0100,2.2963,2.3063,20,16,22,16,26,84.30
1830,100,0.0400,2.2957,2.3357,21,17,19,16,27,84.30
1831,100,0.0000,2.2957,2.2957,21,17,19,16,27,86.20
1832,100,0.0000,2.3001,2.3001,21,17,20,16,26,86.20
1833,100,0.0000,2.2874,2.2874,21,17,21,14,27,85.85
1834,100,0.0300,2.2896,2.3196,20,18,21,14,27,85.90
1835,100,0.0300,2.2896,2.3196,20,18,21,14,27,86.10
1836,100,0.0400,2.2897,2.3297,19,18,20,15,28,86.45
1837,100,0.0100,2.2991,2.3091,19,19,21,15,26,86.55
1838,100,0.0000,2.2991,2.2991,19,19,21,15,26,86.65
1839,100,0.0000,2.2991,2.2991,19,19,21,15,26,86.65
1840,100,0.0100,2.2948,2.3048,19,20,21,14,26,86.65
1841,100,0.0200,2.2987,2.3187,20,20,21,14,25,86.35
1842,100,0.0000,2.2987,2.2987,20,20,21,14,25,85.85
1843,100,0.0200,2.3013,2.3213,21,20,21,14,24,85.85
1844,100,0.0600,2.2932,2.3532,22,19,22,13,24,85.60
1845,100,0.0100,2.2946,2.3046,21,20,22,13,24,84.65
1846,100,0.0700,2.3109,2.3809,19,20,23,16,22,84.65
1847,100,0.0200,2.3122,2.3322,19,22,22,16,21,85.25
1848,100,0.0600,2.3160,2.3760,19,21,22,17,21,85.70
1849,100,0.0000,2.3125,2.3125,18,20,22,17,23,85.65
1850,100,0.0000,2.3089,2.3089,17,20,23,17,23,85.80
1851,100,0.0100,2.3083,2.3183,17,20,24,17,22,85.70
1852,100,0.0200,2.3055,2.3255,18,20,25,16,21,85.10
1853,100,0.0500,2.3139,2.3639,17,21,22,18,22,86.20
1854,100,0.0000,2.3074,2.3074,16,20,24,18,22,86.05
1855,100,0.0500,2.3120,2.3620,17,21,24,19,19,84.90
1856,100,0.0300,2.3128,2.3428,18,21,24,18,19,85.30
1857,100,0.0300,2.3128,2.3428,19,21,24,18,18,85.65
1858,100,0.0100,2.3141,2.3241,19,22,23,18,18,85.35
1859,100,0.0700,2.3205,2.3905,19,21,21,20,19,85.65
1860,100,0.0200,2.3205,2.3405,19,21,20,21,19,85.60
1861,100,0.0100,2.3205,2.3305,19,21,20,21,19,85.45
1862,100,0.0300,2.3169,2.3469,19,22,18,22,19,85.45
1863,100,0.0200,2.3163,2.3363,19,21,18,23,19,85.80
1864,100,0.0200,2.3128,2.3328,18,21,18,24,19,85.80
1865,100,0.0400,2.3163,2.3563,19,21,19,23,18,85.80
1866,100,0.0000,2.3163,2.3163,19,21,19,23,18,85.30
1867,100,0.0200,2.3183,2.3383,20,21,19,22,18,85.30
1868,100,0.0400,2.3123,2.3523,21,20,20,23,16,85.25
1869,100,0.0400,2.3136,2.3536,21,21,20,22,16,84.90
1870,100,0.0400,2.3153,2.3553,22,20,19,22,17,84.80
1871,100,0.0100,2.3122,2.3222,22,21,19,22,16,84.05
1872,100,0.0000,2.3089,2.3089,22,21,20,22,15,84.55
1873,100,0.0300,2.3089,2.3389,22,22,20,21,15,84.20
1874,100,0.0000,2.3136,2.3136,21,22,20,21,16,84.50
1875,100,0.0200,2.3096,2.3296,21,22,21,21,15,84.15
1876,100,0.0000,2.3136,2.3136,20,22,21,21,16,83.80
1877,100,0.0000,2.3168,2.3168,20,22,21,20,17,83.75
1878,100,0.0400,2.3139,2.3539,22,22,21,18,17,83.25
1879,100,0.0000,2.3139,2.3139,22,22,21,18,17,83.45
1880,100,0.0100,2.3094,2.3194,22,23,21,18,16,83.45
1881,100,0.0200,2.3051,2.3251,22,24,21,17,16,83.90
1882,100,0.0500,2.3007,2.3507,23,24,21,16,16,83.95
1883,100,0.0400,2.3004,2.3404,22,24,22,17,15,84.25
1884,100,0.0500,2.3010,2.3510,23,23,22,17,15,84.25
1885,100,0.0000,2.3010,2.3010,23,23,22,17,15,84.70
1886,100,0.0300,2.3004,2.3304,22,24,22,17,15,84.70
1887,100,0.0400,2.2977,2.3377,22,24,22,18,14,84.80
1888,100,0.0000,2.2977,2.2977,22,24,22,18,14,85.05
1889,100,0.0200,2.2932,2.3132,22,24,22,19,13,85.05
1890,100,0.0400,2.2874,2.3274,22,23,23,20,12,85.45
1891,100,0.0500,2.2861,2.3361,21,24,23,20,12,85.25
1892,100,0.0200,2.2867,2.3067,22,24,22,20,12,85.95
1893,100,0.0400,2.2861,2.3261,24,23,21,20,12,85.75
1894,100,0.0000,2.2861,2.2861,24,23,21,20,12,85.70
1895,100,0.0300,2.2848,2.3148,25,22,21,20,12,85.70
1896,100,0.0200,2.2765,2.2965,25,21,22,21,11,85.80
1897,100,0.0100,2.2765,2.2865,25,22,21,21,11,86.00
1898,100,0.0000,2.2848,2.2848,25,22,20,21,12,86.20
1899,100,0.0000,2.2848,2.2848,25,22,20,21,12,86.55
1900,100,0.0300,2.2796,2.3096,26,23,19,20,12,86.55
1901,100,0.0400,2.2773,2.3173,27,22,19,20,12,86.65
1902,100,0.0400,2.2787,2.3187,27,21,20,20,12,86.70
1903,100,0.0000,2.2895,2.2895,26,21,20,20,13,86.95
1904,100,0.0000,2.2956,2.2956,26,20,20,20,14,86.90
1905,100,0.0500,2.2911,2.3411,27,20,19,20,14,86.75
1906,100,0.0400,2.2934,2.3334,26,19,19,22,14,86.90
1907,100,0.0200,2.2973,2.3173,25,19,20,22,14,87.00
1908,100,0.0000,2.2958,2.2958,25,18,21,22,14,86.90
1909,100,0.0500,2.3020,2.3520,24,18,20,23,15,86.80
1910,100,0.0000,2.3020,2.3020,24,18,20,23,15,86.00
1911,100,0.0400,2.3013,2.3413,25,18,18,23,16,86.00
1912,100,0.0200,2.2959,2.3159,26,18,17,23,16,86.00
1913,100,0.0100,2.3005,2.3105,25,19,17,23,16,85.95
1914,100,0.0000,2.3021,2.3021,25,18,17,23,17,85.75
1915,100,0.0200,2.2959,2.3159,26,18,17,23,16,85.90
1916,100,0.0200,2.3021,2.3221,25,18,17,23,17,85.95
1917,100,0.0200,2.3058,2.3258,25,18,17,22,18,85.35
1918,100,0.0000,2.3120,2.3120,24,17,19,21,19,84.95
1919,100,0.0600,2.3062,2.3662,24,17,17,23,19,83.90
1920,100,0.0000,2.3062,2.3062,24,17,17,23,19,84.20
1921,100,0.0200,2.3098,2.3298,24,18,17,22,19,84.20
1922,100,0.0500,2.3105,2.3605,23,19,17,23,18,84.20
1923,100,0.0100,2.3169,2.3269,22,19,19,22,18,84.25
1924,100,0.0100,2.3212,2.3312,21,20,19,20,20,84.05
1925,100,0.0000,2.3219,2.3219,20,20,20,20,20,84.25
1926,100,0.0400,2.3219,2.3619,20,20,20,20,20,84.75
1927,100,0.0000,2.3219,2.3219,20,20,20,20,20,84.75
1928,100,0.0800,2.3190,2.3990,21,21,19,18,21,84.75
1929,100,0.0200,2.3205,2.3405,20,21,19,19,21,85.55
1930,100,0.0300,2.3183,2.3483,18,21,19,20,22,85.30
1931,100,0.0000,2.3183,2.3183,18,21,19,20,22,86.00
1932,100,0.0200,2.3168,2.3368,18,21,18,21,22,86.00
1933,100,0.0000,2.3155,2.3155,18,20,18,21,23,86.15
1934,100,0.0200,2.3163,2.3363,19,19,18,21,23,86.10
1935,100,0.0200,2.3135,2.3335,20,18,18,20,24,85.70
1936,100,0.0100,2.3127,2.3227,20,19,17,20,24,85.25
1937,100,0.0500,2.3056,2.3556,21,21,15,19,24,85.45
1938,100,0.0100,2.3049,2.3149,20,22,15,19,24,85.60
1939,100,0.0000,2.3133,2.3133,19,22,17,19,23,86.00
1940,100,0.0300,2.3177,2.3477,19,20,19,19,23,85.55
1941,100,0.0200,2.3170,2.3370,20,20,19,18,23,84.35
1942,100,0.0300,2.3163,2.3463,19,21,19,18,23,84.05
1943,100,0.0000,2.3170,2.3170,19,20,20,18,23,84.00
1944,100,0.0200,2.3170,2.3370,19,20,20,18,23,83.40
1945,100,0.0700,2.3183,2.3883,21,20,18,19,22,83.40
1946,100,0.0200,2.3183,2.3383,21,20,19,18,22,84.05
1947,100,0.0000,2.3183,2.3183,21,20,19,18,22,83.90
1948,100,0.0000,2.3147,2.3147,21,20,19,17,23,83.90
1949,100,0.0200,2.3129,2.3329,20,22,20,16,22,84.10
1950,100,0.0200,2.3153,2.3353,19,22,20,17,22,84.20
1951,100,0.0000,2.3153,2.3153,19,22,20,17,22,84.25
1952,100,0.0000,2.3153,2.3153,19,22,22,17,20,84.25
1953,100,0.0400,2.3183,2.3583,19,22,21,18,20,84.75
1954,100,0.0000,2.3183,2.3183,19,22,21,18,20,84.60
1955,100,0.0300,2.3170,2.3470,18,23,20,19,20,84.60
1956,100,0.0000,2.3147,2.3147,17,23,21,19,20,85.10
1957,100,0.0000,2.3147,2.3147,17,23,21,19,20,85.45
1958,100,0.0600,2.3155,2.3755,18,23,20,18,21,85.45
1959,100,0.0600,2.3183,2.3783,20,22,19,18,21,85.60
1960,100,0.0300,2.3190,2.3490,21,21,19,18,21,86.10
1961,100,0.0200,2.3190,2.3390,20,20,20,18,22,86.50
1962,100,0.0200,2.3197,2.3397,21,20,20,18,21,86.00
1963,100,0.0200,2.3183,2.3383,20,19,21,18,22,86.05
1964,100,0.0000,2.3183,2.3183,20,19,21,18,22,85.80
1965,100,0.0400,2.3169,2.3569,22,19,19,18,22,85.80
1966,100,0.0000,2.3169,2.3169,22,19,19,18,22,85.10
1967,100,0.0300,2.3169,2.3469,22,19,18,19,22,85.10
1968,100,0.0000,2.3169,2.3169,22,19,18,19,22,84.95
1969,100,0.0000,2.3191,2.3191,22,19,19,19,21,84.95
1970,100,0.0100,2.3191,2.3291,22,19,19,19,21,84.90
1971,100,0.0300,2.3183,2.3483,22,20,18,19,21,84.90
1972,100,0.0000,2.3161,2.3161,22,20,18,18,22,85.50
1973,100,0.0300,2.3139,2.3439,22,21,17,18,22,85.70
1974,100,0.0200,2.3089,2.3289,23,20,17,17,23,85.90
1975,100,0.0400,2.3005,2.3405,25,19,17,16,23,85.40
1976,100,0.0500,2.3089,2.3589,23,20,17,17,23,85.70
1977,100,0.0000,2.3038,2.3038,23,20,16,17,24,85.40
1978,100,0.0200,2.3004,2.3204,22,22,17,15,24,85.15
1979,100,0.0200,2.3094,2.3294,21,22,18,16,23,85.20
1980,100,0.0000,2.3122,2.3122,21,22,19,16,22,84.75
1981,100,0.0000,2.3068,2.3068,21,22,19,15,23,84.40
1982,100,0.0200,2.3068,2.3268,21,22,19,15,23,84.30
1983,100,0.0300,2.3055,2.3355,20,23,19,15,23,84.30
1984,100,0.0000,2.3076,2.3076,20,23,20,15,22,84.40
1985,100,0.0200,2.3082,2.3282,21,23,20,15,21,84.95
1986,100,0.0200,2.3109,2.3309,19,23,20,16,22,85.00
1987,100,0.0000,2.3056,2.3056,19,21,21,15,24,84.15
1988,100,0.0000,2.3015,2.3015,18,21,21,15,25,83.70
1989,100,0.0400,2.3090,2.3490,17,21,21,17,24,83.95
1990,100,0.0600,2.3007,2.3607,16,24,21,16,23,82.90
1991,100,0.0600,2.3090,2.3690,17,24,21,17,21,83.50
1992,100,0.0100,2.2994,2.3094,16,25,22,16,21,83.55
1993,100,0.0000,2.2941,2.2941,15,25,23,16,21,83.85
1994,100,0.0500,2.2922,2.3422,15,26,22,16,21,84.05
1995,100,0.0200,2.2922,2.3122,15,26,22,16,21,84.25
1996,100,0.0000,2.2909,2.2909,15,26,23,16,20,84.25
1997,100,0.0400,2.2909,2.3309,16,26,23,15,20,84.50
1998,100,0.0500,2.2846,2.3346,17,27,23,14,19,84.45
1999,100,0.0500,2.2918,2.3418,18,27,22,15,18,84.80
